-- MySQL dump 10.13  Distrib 5.7.32, for Linux (x86_64)
--
-- Host: localhost    Database: diklat
-- ------------------------------------------------------
-- Server version	5.7.32-0ubuntu0.18.04.1

/*!40101 SET @OLD_CHARACTER_SET_CLIENT=@@CHARACTER_SET_CLIENT */;
/*!40101 SET @OLD_CHARACTER_SET_RESULTS=@@CHARACTER_SET_RESULTS */;
/*!40101 SET @OLD_COLLATION_CONNECTION=@@COLLATION_CONNECTION */;
/*!40101 SET NAMES utf8 */;
/*!40103 SET @OLD_TIME_ZONE=@@TIME_ZONE */;
/*!40103 SET TIME_ZONE='+00:00' */;
/*!40014 SET @OLD_UNIQUE_CHECKS=@@UNIQUE_CHECKS, UNIQUE_CHECKS=0 */;
/*!40014 SET @OLD_FOREIGN_KEY_CHECKS=@@FOREIGN_KEY_CHECKS, FOREIGN_KEY_CHECKS=0 */;
/*!40101 SET @OLD_SQL_MODE=@@SQL_MODE, SQL_MODE='NO_AUTO_VALUE_ON_ZERO' */;
/*!40111 SET @OLD_SQL_NOTES=@@SQL_NOTES, SQL_NOTES=0 */;

--
-- Table structure for table `detail_barang`
--

DROP TABLE IF EXISTS `detail_barang`;
/*!40101 SET @saved_cs_client     = @@character_set_client */;
/*!40101 SET character_set_client = utf8 */;
CREATE TABLE `detail_barang` (
  `id` varchar(255) NOT NULL,
  `jenis` bigint(20) NOT NULL,
  PRIMARY KEY (`id`)
) ENGINE=InnoDB DEFAULT CHARSET=utf8mb4;
/*!40101 SET character_set_client = @saved_cs_client */;

--
-- Dumping data for table `detail_barang`
--

LOCK TABLES `detail_barang` WRITE;
/*!40000 ALTER TABLE `detail_barang` DISABLE KEYS */;
INSERT INTO `detail_barang` VALUES ('Adaptor Kopling 2.5\"',108),('Adaptor Kopling 2.5\"-1.5\"',108),('Adaptor Machino 1.5\" ke 2.5\"',108),('Adaptor Machino ke Draf Female',108),('Adaptor VDH ke Draf',108),('Advance 5 - Pice Hoist System',56),('Advance Digital Series Winch',57),('Air Foam Backpack',113),('Air Foam Liquid',98),('Alat Pencari Korban/GSSI Life Locator III+',38),('Alat Pendobrak Serbaguna',20),('Ascender',86),('Baju Bahan Kimia/B3',15),('Baju Evakuasi Lebah',16),('Baju Tahan Api',14),('Balok Lalulintas',124),('Battery Operated Combi Tool',49),('Battery Operated Cutter',48),('Battery Operated Spreader',47),('Belecong',122),('Body Harness',29),('Breaching Tools Pahat Terpasang',43),('Building Movement Monitor',82),('Building Ruins Victim Detector Audio System',38),('Combi Tool With Mechanical Ram',21),('Compact Rescue Kit',74),('Compressed Air Foam System',97),('Cone Pengaman/Kerucut Pengaman',117),('Contain Flow Adjustable Nozzle',106),('Cooling Vest',22),('Cribbing Block Set',70),('Dayung Perahu Karet',73),('Descender',87),('Descender & Rescue Device',63),('Distress Signal Unit',104),('Door Opener Set',54),('Double Leg Lanyard Nomex',62),('DPI Sekur Diablo Piz',110),('Drager',8),('Drager Oxygen Booster DOB-T',102),('Drager PSS 5000',110),('Drager PSS 7000',110),('Drager PSS Dive',101),('DSU (Detector Signal Unit)',91),('Emergency Escape Respirator',72),('Emergency Escape Respirator (Hood)',72),('Emergency Oxygen Resuscitator',23),('ESS',18),('Figure Eight/8',83),('Fire Escape Harness',29),('Fire Jacket & Trouser',7),('First Aid Box For Burn Injuries',24),('Foam Aeration Tubes Uk. 1.5\"',125),('Foam Aeration Tubes Uk. 2.5\"',125),('Foam Enductor/Adaptor Foam',108),('Foldable 2X Stretcher',32),('Full Body Harness',29),('Garpu Pacul',121),('Gergaji Chainsaw',19),('Gergaji Potong Besar',68),('Gergaji Potong Kecil',67),('Ground Penetrating Radar Life Locator System',38),('Gun Nozzle 1.5\"',106),('Gun Nozzle 2.5\"',106),('Helmet',73),('HID Litebox Rechargeable Lantern',103),('High Pressure Rapid Skid (IFEX)',113),('High Voltage Meter',45),('Hooligan Tool',55),('Hydraulic Shoring Set Holmatro',41),('IFEX 3000',113),('IFEX Trolley 35 Liter',113),('Jumpsuit',9),('Kacamata',18),('Kapak Personil',17),('Karabiner/Cincin Kait',84),('Kotak Medis',88),('Lampu Emergency Starlite',99),('LED Portable Rechargeable Area',95),('Life Jacket',73),('Lifting Bag',69),('Linggis',119),('Manequin/Boneka',81),('Manual Cutter',94),('Masker Personil',10),('Mercury',80),('Mesin Blower',90),('Mid Size Compact Breathing Apparatus',110),('Motor Apung',115),('Motor Pump Holmatro',42),('MSA Airgo Pro',110),('Multigas Detector',51),('Nightsearcher Solaris Lite',46),('Nozzle Foam 1.5\"',106),('Nozzle Foam 2.5\"',106),('Nozzle IFEX 3001',113),('Nozzle Monitor',106),('Nozzle Variable',106),('Operated Cutter Set',53),('Operated Spreader Set',52),('Oscilating Ground Monitor',106),('Pak Hammer',33),('Paratech Tactical Response Kit',40),('Pelontar (Rescue Solution)',92),('Penambal Selang Bocor',127),('Perahu Fiber',79),('Perahu Karet',79),('Peralatan Rescue System Battery',39),('Percing Nozzle',106),('Pice Hoist System',78),('Pistol Grip Multipurpose Inlet 2.5\"',106),('Pitot',126),('Portable Watermist Extinguisher (AFT)',114),('Positive Pressure Ventilator',100),('Pry Axe',89),('Pulley',65),('Rabbit',112),('Rechargeable Lantern/Search Light',25),('Rescue Cradle With 50 ft Tagline',27),('Rescue Hood With Constant Flow',71),('Rescue Matic',61),('Rescue Personal Package',31),('Rescue Safety Harness',29),('Ring Bouy/Pelampung Ring',73),('Rollgliss Rope Rescue System',26),('Rompi Pelampung Orange',73),('Rope Clamp',64),('Rope Rescue Team Package',30),('Rotary Saw',34),('RPD Rescue Cradle',96),('Saringan Rotan Selang Hisap',120),('Sarung Tangan',11),('Schuberth',8),('Scoop Stretcher With Head Fixation Set',32),('Sealed Self Retracting Lifeness',58),('Sekop Besar',118),('Sekop Lipat',118),('Selang 10m + Kopling VDH ke Draf Alat Ukur 1.5\"',105),('Selang 10m + Kopling VDH ke Draf Alat Ukur 2.5\"',105),('Selang 20m + Kopling VDH 2.5\"',105),('Semi Composite',109),('Senter Personil',12),('Senter Tembus Asap',13),('Sepatu Cobra',6),('Sepatu Harvick',6),('Sepatu Magnum',6),('Set Seal Pac',66),('Sked Rescue',32),('SOS Fullgard',8),('Spine Board With Head Immobilizer',32),('Stretcher Chair Kombi',32),('Survivor 8 Escape',93),('Suzuki',80),('T-Max EW-15000/Penarik Elektrik',77),('Tabung Besi',109),('Tabung Oksigen Lengkap',35),('Tactical Response Kit',50),('Tali Karmantel',85),('Tandu Basket',32),('Tandu Kursi Kombinasi',32),('Tandu Lipat',32),('Tandu Scoop',32),('Tangga',128),('Thermal Imaging Camera',36),('Tohatsu',112),('Tool Electrical Set',44),('Tripod Rescue',28),('Typol',116),('Ukuran 1.5\"',123),('Ukuran 1.5\" - 1.5\"',107),('Ukuran 2.5\"',123),('Ukuran 2.5\" - 1.5\"',107),('Ukuran 2.5\" - 2.5\"',107),('Ukuran 3.5 Kg',111),('Ukuran 4\"',105),('Ukuran 4\" - 1.5\"',107),('Ukuran 4.5 Kg',111),('Ukuran 6 Kg',111),('Waterous',112),('Weber Hydraulic Rapid Forcible Entry',75),('Weber Hydraulic RSX160 E-Force',76),('Winch',59),('Working Seat/Boat Swain Chair',60),('Yone Variable Nozzle',106);
/*!40000 ALTER TABLE `detail_barang` ENABLE KEYS */;
UNLOCK TABLES;

--
-- Table structure for table `jenis`
--

DROP TABLE IF EXISTS `jenis`;
/*!40101 SET @saved_cs_client     = @@character_set_client */;
/*!40101 SET character_set_client = utf8 */;
CREATE TABLE `jenis` (
  `id` bigint(20) NOT NULL AUTO_INCREMENT,
  `nama` varchar(255) NOT NULL,
  `baik` bigint(20) NOT NULL,
  `rusak` bigint(20) NOT NULL,
  `sektor` bigint(20) NOT NULL,
  PRIMARY KEY (`id`)
) ENGINE=InnoDB AUTO_INCREMENT=2300 DEFAULT CHARSET=utf8mb4;
/*!40101 SET character_set_client = @saved_cs_client */;

--
-- Dumping data for table `jenis`
--

LOCK TABLES `jenis` WRITE;
/*!40000 ALTER TABLE `jenis` DISABLE KEYS */;
INSERT INTO `jenis` VALUES (56,'Sepatu Harvick',0,0,17),(57,'Sepatu Harvick',0,0,18),(58,'Sepatu Harvick',0,0,19),(59,'Sepatu Harvick',0,0,20),(60,'Sepatu Harvick',0,0,21),(61,'Sepatu Harvick',0,0,22),(62,'Sepatu Harvick',0,0,23),(63,'Sepatu Harvick',0,0,24),(64,'Sepatu Harvick',0,0,25),(65,'Sepatu Harvick',0,0,26),(66,'Sepatu Harvick',0,0,27),(67,'Sepatu Harvick',0,0,28),(68,'Sepatu Magnum',0,0,17),(69,'Sepatu Magnum',0,0,18),(70,'Sepatu Magnum',0,0,19),(71,'Sepatu Magnum',0,0,20),(72,'Sepatu Magnum',0,0,21),(73,'Sepatu Magnum',0,0,22),(74,'Sepatu Magnum',0,0,23),(75,'Sepatu Magnum',0,0,24),(76,'Sepatu Magnum',0,0,25),(77,'Sepatu Magnum',0,0,26),(78,'Sepatu Magnum',0,0,27),(79,'Sepatu Magnum',0,0,28),(80,'Sepatu Cobra',1,1,17),(81,'Sepatu Cobra',9,73,18),(82,'Sepatu Cobra',0,0,19),(83,'Sepatu Cobra',0,0,20),(84,'Sepatu Cobra',1,0,21),(85,'Sepatu Cobra',0,0,22),(86,'Sepatu Cobra',0,0,23),(87,'Sepatu Cobra',0,0,24),(88,'Sepatu Cobra',0,0,25),(89,'Sepatu Cobra',0,0,26),(90,'Sepatu Cobra',0,0,27),(91,'Sepatu Cobra',0,0,28),(92,'Drager',0,0,17),(93,'Drager',1,0,18),(94,'Drager',0,0,19),(95,'Drager',0,0,20),(96,'Drager',0,0,21),(97,'Drager',0,0,22),(98,'Drager',0,0,23),(99,'Drager',0,0,24),(100,'Drager',0,0,25),(101,'Drager',0,0,26),(102,'Drager',0,0,27),(103,'Drager',0,0,28),(104,'Schuberth',0,0,17),(105,'Schuberth',0,0,18),(106,'Schuberth',0,0,19),(107,'Schuberth',0,0,20),(108,'Schuberth',0,0,21),(109,'Schuberth',0,0,22),(110,'Schuberth',0,0,23),(111,'Schuberth',0,0,24),(112,'Schuberth',0,0,25),(113,'Schuberth',0,0,26),(114,'Schuberth',0,0,27),(115,'Schuberth',0,0,28),(116,'SOS Fullgard',0,0,17),(117,'SOS Fullgard',0,0,18),(118,'SOS Fullgard',0,0,19),(119,'SOS Fullgard',0,0,20),(120,'SOS Fullgard',0,0,21),(121,'SOS Fullgard',0,0,22),(122,'SOS Fullgard',0,0,23),(123,'SOS Fullgard',0,0,24),(124,'SOS Fullgard',0,0,25),(125,'SOS Fullgard',0,0,26),(126,'SOS Fullgard',0,0,27),(127,'SOS Fullgard',0,0,28),(128,'Full Body Harness',0,0,17),(129,'Full Body Harness',0,0,18),(130,'Full Body Harness',0,0,19),(131,'Full Body Harness',0,0,20),(132,'Full Body Harness',0,0,21),(133,'Full Body Harness',0,0,22),(134,'Full Body Harness',0,0,23),(135,'Full Body Harness',0,0,24),(136,'Full Body Harness',0,0,25),(137,'Full Body Harness',0,0,26),(138,'Full Body Harness',0,0,27),(139,'Full Body Harness',0,0,28),(140,'Rescue Safety Harness',0,0,17),(141,'Rescue Safety Harness',0,0,18),(142,'Rescue Safety Harness',0,0,19),(143,'Rescue Safety Harness',0,0,20),(144,'Rescue Safety Harness',0,0,21),(145,'Rescue Safety Harness',0,0,22),(146,'Rescue Safety Harness',0,0,23),(147,'Rescue Safety Harness',0,0,24),(148,'Rescue Safety Harness',0,0,25),(149,'Rescue Safety Harness',0,0,26),(150,'Rescue Safety Harness',0,0,27),(151,'Rescue Safety Harness',0,0,28),(152,'Fire Escape Harness',0,0,17),(153,'Fire Escape Harness',0,0,18),(154,'Fire Escape Harness',0,0,19),(155,'Fire Escape Harness',0,0,20),(156,'Fire Escape Harness',0,0,21),(157,'Fire Escape Harness',0,0,22),(158,'Fire Escape Harness',0,0,23),(159,'Fire Escape Harness',0,0,24),(160,'Fire Escape Harness',0,0,25),(161,'Fire Escape Harness',0,0,26),(162,'Fire Escape Harness',0,0,27),(163,'Fire Escape Harness',0,0,28),(164,'Body Harness',0,0,17),(165,'Body Harness',0,0,18),(166,'Body Harness',0,0,19),(167,'Body Harness',0,0,20),(168,'Body Harness',0,0,21),(169,'Body Harness',0,0,22),(170,'Body Harness',0,0,23),(171,'Body Harness',0,0,24),(172,'Body Harness',0,0,25),(173,'Body Harness',0,0,26),(174,'Body Harness',0,0,27),(175,'Body Harness',0,0,28),(176,'Tandu Basket',0,0,17),(177,'Tandu Basket',0,0,18),(178,'Tandu Basket',0,0,19),(179,'Tandu Basket',0,0,20),(180,'Tandu Basket',0,0,21),(181,'Tandu Basket',0,0,22),(182,'Tandu Basket',0,0,23),(183,'Tandu Basket',0,0,24),(184,'Tandu Basket',0,0,25),(185,'Tandu Basket',0,0,26),(186,'Tandu Basket',0,0,27),(187,'Tandu Basket',0,0,28),(188,'Foldable 2X Stretcher',0,0,17),(189,'Foldable 2X Stretcher',0,0,18),(190,'Foldable 2X Stretcher',0,0,19),(191,'Foldable 2X Stretcher',0,0,20),(192,'Foldable 2X Stretcher',0,0,21),(193,'Foldable 2X Stretcher',0,0,22),(194,'Foldable 2X Stretcher',0,0,23),(195,'Foldable 2X Stretcher',0,0,24),(196,'Foldable 2X Stretcher',0,0,25),(197,'Foldable 2X Stretcher',0,0,26),(198,'Foldable 2X Stretcher',0,0,27),(199,'Foldable 2X Stretcher',0,0,28),(200,'Spine Board With Head Immobilizer',0,0,17),(201,'Spine Board With Head Immobilizer',0,0,18),(202,'Spine Board With Head Immobilizer',0,0,19),(203,'Spine Board With Head Immobilizer',0,0,20),(204,'Spine Board With Head Immobilizer',0,0,21),(205,'Spine Board With Head Immobilizer',0,0,22),(206,'Spine Board With Head Immobilizer',0,0,23),(207,'Spine Board With Head Immobilizer',0,0,24),(208,'Spine Board With Head Immobilizer',0,0,25),(209,'Spine Board With Head Immobilizer',0,0,26),(210,'Spine Board With Head Immobilizer',0,0,27),(211,'Spine Board With Head Immobilizer',0,0,28),(212,'Stretcher Chair Kombi',0,0,17),(213,'Stretcher Chair Kombi',0,0,18),(214,'Stretcher Chair Kombi',0,0,19),(215,'Stretcher Chair Kombi',0,0,20),(216,'Stretcher Chair Kombi',0,0,21),(217,'Stretcher Chair Kombi',0,0,22),(218,'Stretcher Chair Kombi',0,0,23),(219,'Stretcher Chair Kombi',0,0,24),(220,'Stretcher Chair Kombi',0,0,25),(221,'Stretcher Chair Kombi',0,0,26),(222,'Stretcher Chair Kombi',0,0,27),(223,'Stretcher Chair Kombi',0,0,28),(224,'Scoop Stretcher With Head Fixation Set',0,0,17),(225,'Scoop Stretcher With Head Fixation Set',0,0,18),(226,'Scoop Stretcher With Head Fixation Set',0,0,19),(227,'Scoop Stretcher With Head Fixation Set',0,0,20),(228,'Scoop Stretcher With Head Fixation Set',0,0,21),(229,'Scoop Stretcher With Head Fixation Set',0,0,22),(230,'Scoop Stretcher With Head Fixation Set',0,0,23),(231,'Scoop Stretcher With Head Fixation Set',0,0,24),(232,'Scoop Stretcher With Head Fixation Set',0,0,25),(233,'Scoop Stretcher With Head Fixation Set',0,0,26),(234,'Scoop Stretcher With Head Fixation Set',0,0,27),(235,'Scoop Stretcher With Head Fixation Set',0,0,28),(236,'Sked Rescue',0,0,17),(237,'Sked Rescue',0,0,18),(238,'Sked Rescue',0,0,19),(239,'Sked Rescue',0,0,20),(240,'Sked Rescue',0,0,21),(241,'Sked Rescue',0,0,22),(242,'Sked Rescue',0,0,23),(243,'Sked Rescue',0,0,24),(244,'Sked Rescue',0,0,25),(245,'Sked Rescue',0,0,26),(246,'Sked Rescue',0,0,27),(247,'Sked Rescue',0,0,28),(248,'Tandu Lipat',0,0,17),(249,'Tandu Lipat',0,0,18),(250,'Tandu Lipat',0,0,19),(251,'Tandu Lipat',0,0,20),(252,'Tandu Lipat',0,0,21),(253,'Tandu Lipat',0,0,22),(254,'Tandu Lipat',0,0,23),(255,'Tandu Lipat',0,0,24),(256,'Tandu Lipat',0,0,25),(257,'Tandu Lipat',0,0,26),(258,'Tandu Lipat',0,0,27),(259,'Tandu Lipat',0,0,28),(260,'Tandu Scoop',0,0,17),(261,'Tandu Scoop',0,0,18),(262,'Tandu Scoop',0,0,19),(263,'Tandu Scoop',0,0,20),(264,'Tandu Scoop',0,0,21),(265,'Tandu Scoop',0,0,22),(266,'Tandu Scoop',0,0,23),(267,'Tandu Scoop',0,0,24),(268,'Tandu Scoop',0,0,25),(269,'Tandu Scoop',0,0,26),(270,'Tandu Scoop',0,0,27),(271,'Tandu Scoop',0,0,28),(272,'Tandu Kursi Kombinasi',0,0,17),(273,'Tandu Kursi Kombinasi',0,0,18),(274,'Tandu Kursi Kombinasi',0,0,19),(275,'Tandu Kursi Kombinasi',0,0,20),(276,'Tandu Kursi Kombinasi',0,0,21),(277,'Tandu Kursi Kombinasi',0,0,22),(278,'Tandu Kursi Kombinasi',0,0,23),(279,'Tandu Kursi Kombinasi',0,0,24),(280,'Tandu Kursi Kombinasi',0,0,25),(281,'Tandu Kursi Kombinasi',0,0,26),(282,'Tandu Kursi Kombinasi',0,0,27),(283,'Tandu Kursi Kombinasi',0,0,28),(284,'Ground Penetrating Radar Life Locator System',0,0,17),(285,'Ground Penetrating Radar Life Locator System',0,0,18),(286,'Ground Penetrating Radar Life Locator System',0,0,19),(287,'Ground Penetrating Radar Life Locator System',0,0,20),(288,'Ground Penetrating Radar Life Locator System',0,0,21),(289,'Ground Penetrating Radar Life Locator System',0,0,22),(290,'Ground Penetrating Radar Life Locator System',0,0,23),(291,'Ground Penetrating Radar Life Locator System',0,0,24),(292,'Ground Penetrating Radar Life Locator System',0,0,25),(293,'Ground Penetrating Radar Life Locator System',0,0,26),(294,'Ground Penetrating Radar Life Locator System',0,0,27),(295,'Ground Penetrating Radar Life Locator System',0,0,28),(296,'Building Ruins Victim Detector Audio System',0,0,17),(297,'Building Ruins Victim Detector Audio System',0,0,18),(298,'Building Ruins Victim Detector Audio System',0,0,19),(299,'Building Ruins Victim Detector Audio System',0,0,20),(300,'Building Ruins Victim Detector Audio System',0,0,21),(301,'Building Ruins Victim Detector Audio System',0,0,22),(302,'Building Ruins Victim Detector Audio System',0,0,23),(303,'Building Ruins Victim Detector Audio System',0,0,24),(304,'Building Ruins Victim Detector Audio System',0,0,25),(305,'Building Ruins Victim Detector Audio System',0,0,26),(306,'Building Ruins Victim Detector Audio System',0,0,27),(307,'Building Ruins Victim Detector Audio System',0,0,28),(308,'Alat Pencari Korban/GSSI Life Locator III+',0,0,17),(309,'Alat Pencari Korban/GSSI Life Locator III+',0,0,18),(310,'Alat Pencari Korban/GSSI Life Locator III+',0,0,19),(311,'Alat Pencari Korban/GSSI Life Locator III+',0,0,20),(312,'Alat Pencari Korban/GSSI Life Locator III+',0,0,21),(313,'Alat Pencari Korban/GSSI Life Locator III+',0,0,22),(314,'Alat Pencari Korban/GSSI Life Locator III+',0,0,23),(315,'Alat Pencari Korban/GSSI Life Locator III+',0,0,24),(316,'Alat Pencari Korban/GSSI Life Locator III+',0,0,25),(317,'Alat Pencari Korban/GSSI Life Locator III+',0,0,26),(318,'Alat Pencari Korban/GSSI Life Locator III+',0,0,27),(319,'Alat Pencari Korban/GSSI Life Locator III+',0,0,28),(320,'Emergency Escape Respirator',0,0,17),(321,'Emergency Escape Respirator',0,0,18),(322,'Emergency Escape Respirator',0,0,19),(323,'Emergency Escape Respirator',0,0,20),(324,'Emergency Escape Respirator',0,0,21),(325,'Emergency Escape Respirator',0,0,22),(326,'Emergency Escape Respirator',0,0,23),(327,'Emergency Escape Respirator',0,0,24),(328,'Emergency Escape Respirator',0,0,25),(329,'Emergency Escape Respirator',0,0,26),(330,'Emergency Escape Respirator',0,0,27),(331,'Emergency Escape Respirator',0,0,28),(332,'Emergency Escape Respirator (Hood)',0,0,17),(333,'Emergency Escape Respirator (Hood)',0,0,18),(334,'Emergency Escape Respirator (Hood)',0,0,19),(335,'Emergency Escape Respirator (Hood)',0,0,20),(336,'Emergency Escape Respirator (Hood)',0,0,21),(337,'Emergency Escape Respirator (Hood)',0,0,22),(338,'Emergency Escape Respirator (Hood)',0,0,23),(339,'Emergency Escape Respirator (Hood)',0,0,24),(340,'Emergency Escape Respirator (Hood)',0,0,25),(341,'Emergency Escape Respirator (Hood)',0,0,26),(342,'Emergency Escape Respirator (Hood)',0,0,27),(343,'Emergency Escape Respirator (Hood)',0,0,28),(344,'Helmet',0,0,17),(345,'Helmet',0,0,18),(346,'Helmet',0,0,19),(347,'Helmet',0,0,20),(348,'Helmet',0,0,21),(349,'Helmet',0,0,22),(350,'Helmet',0,0,23),(351,'Helmet',0,0,24),(352,'Helmet',0,0,25),(353,'Helmet',0,0,26),(354,'Helmet',0,0,27),(355,'Helmet',0,0,28),(356,'Life Jacket',0,0,17),(357,'Life Jacket',0,0,18),(358,'Life Jacket',0,0,19),(359,'Life Jacket',0,0,20),(360,'Life Jacket',0,0,21),(361,'Life Jacket',0,0,22),(362,'Life Jacket',0,0,23),(363,'Life Jacket',0,0,24),(364,'Life Jacket',0,0,25),(365,'Life Jacket',0,0,26),(366,'Life Jacket',0,0,27),(367,'Life Jacket',0,0,28),(368,'Dayung Perahu Karet',0,0,17),(369,'Dayung Perahu Karet',0,0,18),(370,'Dayung Perahu Karet',0,0,19),(371,'Dayung Perahu Karet',0,0,20),(372,'Dayung Perahu Karet',0,0,21),(373,'Dayung Perahu Karet',0,0,22),(374,'Dayung Perahu Karet',0,0,23),(375,'Dayung Perahu Karet',0,0,24),(376,'Dayung Perahu Karet',0,0,25),(377,'Dayung Perahu Karet',0,0,26),(378,'Dayung Perahu Karet',0,0,27),(379,'Dayung Perahu Karet',0,0,28),(380,'Ring Bouy/Pelampung Ring',0,0,17),(381,'Ring Bouy/Pelampung Ring',0,0,18),(382,'Ring Bouy/Pelampung Ring',0,0,19),(383,'Ring Bouy/Pelampung Ring',0,0,20),(384,'Ring Bouy/Pelampung Ring',0,0,21),(385,'Ring Bouy/Pelampung Ring',0,0,22),(386,'Ring Bouy/Pelampung Ring',0,0,23),(387,'Ring Bouy/Pelampung Ring',0,0,24),(388,'Ring Bouy/Pelampung Ring',0,0,25),(389,'Ring Bouy/Pelampung Ring',0,0,26),(390,'Ring Bouy/Pelampung Ring',0,0,27),(391,'Ring Bouy/Pelampung Ring',0,0,28),(392,'Perahu Karet',0,0,17),(393,'Perahu Karet',0,0,18),(394,'Perahu Karet',0,0,19),(395,'Perahu Karet',0,0,20),(396,'Perahu Karet',0,0,21),(397,'Perahu Karet',0,0,22),(398,'Perahu Karet',0,0,23),(399,'Perahu Karet',0,0,24),(400,'Perahu Karet',0,0,25),(401,'Perahu Karet',0,0,26),(402,'Perahu Karet',0,0,27),(403,'Perahu Karet',0,0,28),(404,'Perahu Fiber',0,0,17),(405,'Perahu Fiber',0,0,18),(406,'Perahu Fiber',0,0,19),(407,'Perahu Fiber',0,0,20),(408,'Perahu Fiber',0,0,21),(409,'Perahu Fiber',0,0,22),(410,'Perahu Fiber',0,0,23),(411,'Perahu Fiber',0,0,24),(412,'Perahu Fiber',0,0,25),(413,'Perahu Fiber',0,0,26),(414,'Perahu Fiber',0,0,27),(415,'Perahu Fiber',0,0,28),(416,'Mercury',0,0,17),(417,'Mercury',0,0,18),(418,'Mercury',0,0,19),(419,'Mercury',0,0,20),(420,'Mercury',0,0,21),(421,'Mercury',0,0,22),(422,'Mercury',0,0,23),(423,'Mercury',0,0,24),(424,'Mercury',0,0,25),(425,'Mercury',0,0,26),(426,'Mercury',0,0,27),(427,'Mercury',0,0,28),(428,'Suzuki',0,0,17),(429,'Suzuki',0,0,18),(430,'Suzuki',0,0,19),(431,'Suzuki',0,0,20),(432,'Suzuki',0,0,21),(433,'Suzuki',0,0,22),(434,'Suzuki',0,0,23),(435,'Suzuki',0,0,24),(436,'Suzuki',0,0,25),(437,'Suzuki',0,0,26),(438,'Suzuki',0,0,27),(439,'Suzuki',0,0,28),(440,'Rompi Pelampung Orange',0,0,17),(441,'Rompi Pelampung Orange',0,0,18),(442,'Rompi Pelampung Orange',0,0,19),(443,'Rompi Pelampung Orange',0,0,20),(444,'Rompi Pelampung Orange',0,0,21),(445,'Rompi Pelampung Orange',0,0,22),(446,'Rompi Pelampung Orange',0,0,23),(447,'Rompi Pelampung Orange',0,0,24),(448,'Rompi Pelampung Orange',0,0,25),(449,'Rompi Pelampung Orange',0,0,26),(450,'Rompi Pelampung Orange',0,0,27),(451,'Rompi Pelampung Orange',0,0,28),(452,'Drager PSS Dive',0,0,17),(453,'Drager PSS Dive',0,0,18),(454,'Drager PSS Dive',0,0,19),(455,'Drager PSS Dive',0,0,20),(456,'Drager PSS Dive',0,0,21),(457,'Drager PSS Dive',0,0,22),(458,'Drager PSS Dive',0,0,23),(459,'Drager PSS Dive',0,0,24),(460,'Drager PSS Dive',0,0,25),(461,'Drager PSS Dive',0,0,26),(462,'Drager PSS Dive',0,0,27),(463,'Drager PSS Dive',0,0,28),(464,'MSA Airgo Pro',0,0,17),(465,'MSA Airgo Pro',0,0,18),(466,'MSA Airgo Pro',0,0,19),(467,'MSA Airgo Pro',0,0,20),(468,'MSA Airgo Pro',0,0,21),(469,'MSA Airgo Pro',0,0,22),(470,'MSA Airgo Pro',0,0,23),(471,'MSA Airgo Pro',0,0,24),(472,'MSA Airgo Pro',0,0,25),(473,'MSA Airgo Pro',0,0,26),(474,'MSA Airgo Pro',0,0,27),(475,'MSA Airgo Pro',0,0,28),(476,'Fire Jacket & Trouser',0,0,17),(477,'Fire Jacket & Trouser',0,0,18),(478,'Fire Jacket & Trouser',51,0,19),(479,'Fire Jacket & Trouser',0,0,20),(480,'Fire Jacket & Trouser',55,0,21),(481,'Fire Jacket & Trouser',0,0,22),(482,'Fire Jacket & Trouser',0,0,23),(483,'Fire Jacket & Trouser',0,0,24),(484,'Fire Jacket & Trouser',0,0,25),(485,'Fire Jacket & Trouser',0,0,26),(486,'Fire Jacket & Trouser',0,0,27),(487,'Fire Jacket & Trouser',0,0,28),(488,'Jumpsuit',0,0,17),(489,'Jumpsuit',0,0,18),(490,'Jumpsuit',0,0,19),(491,'Jumpsuit',0,0,20),(492,'Jumpsuit',0,0,21),(493,'Jumpsuit',0,0,22),(494,'Jumpsuit',0,0,23),(495,'Jumpsuit',0,0,24),(496,'Jumpsuit',0,0,25),(497,'Jumpsuit',0,0,26),(498,'Jumpsuit',0,0,27),(499,'Jumpsuit',0,0,28),(500,'Masker Personil',0,0,17),(501,'Masker Personil',0,0,18),(502,'Masker Personil',0,0,19),(503,'Masker Personil',0,0,20),(504,'Masker Personil',0,0,21),(505,'Masker Personil',0,0,22),(506,'Masker Personil',0,0,23),(507,'Masker Personil',0,0,24),(508,'Masker Personil',0,0,25),(509,'Masker Personil',0,0,26),(510,'Masker Personil',0,0,27),(511,'Masker Personil',0,0,28),(512,'Sarung Tangan',0,0,17),(513,'Sarung Tangan',0,0,18),(514,'Sarung Tangan',0,0,19),(515,'Sarung Tangan',0,0,20),(516,'Sarung Tangan',0,0,21),(517,'Sarung Tangan',0,0,22),(518,'Sarung Tangan',0,0,23),(519,'Sarung Tangan',0,0,24),(520,'Sarung Tangan',0,0,25),(521,'Sarung Tangan',0,0,26),(522,'Sarung Tangan',0,0,27),(523,'Sarung Tangan',0,0,28),(524,'Senter Personil',0,0,17),(525,'Senter Personil',0,0,18),(526,'Senter Personil',0,0,19),(527,'Senter Personil',0,0,20),(528,'Senter Personil',0,0,21),(529,'Senter Personil',0,0,22),(530,'Senter Personil',0,0,23),(531,'Senter Personil',0,0,24),(532,'Senter Personil',0,0,25),(533,'Senter Personil',0,0,26),(534,'Senter Personil',0,0,27),(535,'Senter Personil',0,0,28),(536,'Senter Tembus Asap',0,0,17),(537,'Senter Tembus Asap',0,0,18),(538,'Senter Tembus Asap',0,0,19),(539,'Senter Tembus Asap',0,0,20),(540,'Senter Tembus Asap',0,0,21),(541,'Senter Tembus Asap',0,0,22),(542,'Senter Tembus Asap',0,0,23),(543,'Senter Tembus Asap',0,0,24),(544,'Senter Tembus Asap',0,0,25),(545,'Senter Tembus Asap',0,0,26),(546,'Senter Tembus Asap',0,0,27),(547,'Senter Tembus Asap',0,0,28),(548,'Baju Tahan Api',0,0,17),(549,'Baju Tahan Api',0,0,18),(550,'Baju Tahan Api',0,0,19),(551,'Baju Tahan Api',0,0,20),(552,'Baju Tahan Api',0,0,21),(553,'Baju Tahan Api',0,0,22),(554,'Baju Tahan Api',0,0,23),(555,'Baju Tahan Api',0,0,24),(556,'Baju Tahan Api',0,0,25),(557,'Baju Tahan Api',0,0,26),(558,'Baju Tahan Api',0,0,27),(559,'Baju Tahan Api',0,0,28),(560,'Baju Bahan Kimia/B3',0,0,17),(561,'Baju Bahan Kimia/B3',0,0,18),(562,'Baju Bahan Kimia/B3',0,0,19),(563,'Baju Bahan Kimia/B3',0,0,20),(564,'Baju Bahan Kimia/B3',0,0,21),(565,'Baju Bahan Kimia/B3',0,0,22),(566,'Baju Bahan Kimia/B3',0,0,23),(567,'Baju Bahan Kimia/B3',0,0,24),(568,'Baju Bahan Kimia/B3',0,0,25),(569,'Baju Bahan Kimia/B3',0,0,26),(570,'Baju Bahan Kimia/B3',0,0,27),(571,'Baju Bahan Kimia/B3',0,0,28),(572,'Baju Evakuasi Lebah',0,0,17),(573,'Baju Evakuasi Lebah',0,0,18),(574,'Baju Evakuasi Lebah',0,0,19),(575,'Baju Evakuasi Lebah',0,0,20),(576,'Baju Evakuasi Lebah',0,0,21),(577,'Baju Evakuasi Lebah',0,0,22),(578,'Baju Evakuasi Lebah',0,0,23),(579,'Baju Evakuasi Lebah',0,0,24),(580,'Baju Evakuasi Lebah',0,0,25),(581,'Baju Evakuasi Lebah',0,0,26),(582,'Baju Evakuasi Lebah',0,0,27),(583,'Baju Evakuasi Lebah',0,0,28),(584,'Kapak Personil',0,0,17),(585,'Kapak Personil',0,0,18),(586,'Kapak Personil',0,0,19),(587,'Kapak Personil',0,0,20),(588,'Kapak Personil',0,0,21),(589,'Kapak Personil',0,0,22),(590,'Kapak Personil',0,0,23),(591,'Kapak Personil',0,0,24),(592,'Kapak Personil',0,0,25),(593,'Kapak Personil',0,0,26),(594,'Kapak Personil',0,0,27),(595,'Kapak Personil',0,0,28),(596,'Kacamata',0,0,17),(597,'Kacamata',0,0,18),(598,'Kacamata',0,0,19),(599,'Kacamata',0,0,20),(600,'Kacamata',0,0,21),(601,'Kacamata',0,0,22),(602,'Kacamata',0,0,23),(603,'Kacamata',0,0,24),(604,'Kacamata',0,0,25),(605,'Kacamata',0,0,26),(606,'Kacamata',0,0,27),(607,'Kacamata',0,0,28),(608,'Gergaji Chainsaw',0,0,17),(609,'Gergaji Chainsaw',0,0,18),(610,'Gergaji Chainsaw',0,0,19),(611,'Gergaji Chainsaw',0,0,20),(612,'Gergaji Chainsaw',0,0,21),(613,'Gergaji Chainsaw',0,0,22),(614,'Gergaji Chainsaw',0,0,23),(615,'Gergaji Chainsaw',0,0,24),(616,'Gergaji Chainsaw',0,0,25),(617,'Gergaji Chainsaw',0,0,26),(618,'Gergaji Chainsaw',0,0,27),(619,'Gergaji Chainsaw',0,0,28),(620,'Alat Pendobrak Serbaguna',0,0,17),(621,'Alat Pendobrak Serbaguna',0,0,18),(622,'Alat Pendobrak Serbaguna',0,0,19),(623,'Alat Pendobrak Serbaguna',0,0,20),(624,'Alat Pendobrak Serbaguna',0,0,21),(625,'Alat Pendobrak Serbaguna',0,0,22),(626,'Alat Pendobrak Serbaguna',0,0,23),(627,'Alat Pendobrak Serbaguna',0,0,24),(628,'Alat Pendobrak Serbaguna',0,0,25),(629,'Alat Pendobrak Serbaguna',0,0,26),(630,'Alat Pendobrak Serbaguna',0,0,27),(631,'Alat Pendobrak Serbaguna',0,0,28),(632,'Combi Tool With Mechanical Ram',0,0,17),(633,'Combi Tool With Mechanical Ram',0,0,18),(634,'Combi Tool With Mechanical Ram',0,0,19),(635,'Combi Tool With Mechanical Ram',0,0,20),(636,'Combi Tool With Mechanical Ram',0,0,21),(637,'Combi Tool With Mechanical Ram',0,0,22),(638,'Combi Tool With Mechanical Ram',0,0,23),(639,'Combi Tool With Mechanical Ram',0,0,24),(640,'Combi Tool With Mechanical Ram',0,0,25),(641,'Combi Tool With Mechanical Ram',0,0,26),(642,'Combi Tool With Mechanical Ram',0,0,27),(643,'Combi Tool With Mechanical Ram',0,0,28),(644,'Cooling Vest',0,0,17),(645,'Cooling Vest',0,0,18),(646,'Cooling Vest',0,0,19),(647,'Cooling Vest',0,0,20),(648,'Cooling Vest',0,0,21),(649,'Cooling Vest',0,0,22),(650,'Cooling Vest',0,0,23),(651,'Cooling Vest',0,0,24),(652,'Cooling Vest',0,0,25),(653,'Cooling Vest',0,0,26),(654,'Cooling Vest',0,0,27),(655,'Cooling Vest',0,0,28),(656,'Emergency Oxygen Resuscitator',0,0,17),(657,'Emergency Oxygen Resuscitator',0,0,18),(658,'Emergency Oxygen Resuscitator',0,0,19),(659,'Emergency Oxygen Resuscitator',0,0,20),(660,'Emergency Oxygen Resuscitator',0,0,21),(661,'Emergency Oxygen Resuscitator',0,0,22),(662,'Emergency Oxygen Resuscitator',0,0,23),(663,'Emergency Oxygen Resuscitator',0,0,24),(664,'Emergency Oxygen Resuscitator',0,0,25),(665,'Emergency Oxygen Resuscitator',0,0,26),(666,'Emergency Oxygen Resuscitator',0,0,27),(667,'Emergency Oxygen Resuscitator',0,0,28),(668,'First Aid Box For Burn Injuries',0,0,17),(669,'First Aid Box For Burn Injuries',0,0,18),(670,'First Aid Box For Burn Injuries',0,0,19),(671,'First Aid Box For Burn Injuries',0,0,20),(672,'First Aid Box For Burn Injuries',0,0,21),(673,'First Aid Box For Burn Injuries',0,0,22),(674,'First Aid Box For Burn Injuries',0,0,23),(675,'First Aid Box For Burn Injuries',0,0,24),(676,'First Aid Box For Burn Injuries',0,0,25),(677,'First Aid Box For Burn Injuries',0,0,26),(678,'First Aid Box For Burn Injuries',0,0,27),(679,'First Aid Box For Burn Injuries',0,0,28),(680,'Rechargeable Lantern/Search Light',0,0,17),(681,'Rechargeable Lantern/Search Light',0,0,18),(682,'Rechargeable Lantern/Search Light',0,0,19),(683,'Rechargeable Lantern/Search Light',0,0,20),(684,'Rechargeable Lantern/Search Light',0,0,21),(685,'Rechargeable Lantern/Search Light',0,0,22),(686,'Rechargeable Lantern/Search Light',0,0,23),(687,'Rechargeable Lantern/Search Light',0,0,24),(688,'Rechargeable Lantern/Search Light',0,0,25),(689,'Rechargeable Lantern/Search Light',0,0,26),(690,'Rechargeable Lantern/Search Light',0,0,27),(691,'Rechargeable Lantern/Search Light',0,0,28),(692,'Rollgliss Rope Rescue System',0,0,17),(693,'Rollgliss Rope Rescue System',0,0,18),(694,'Rollgliss Rope Rescue System',0,0,19),(695,'Rollgliss Rope Rescue System',0,0,20),(696,'Rollgliss Rope Rescue System',0,0,21),(697,'Rollgliss Rope Rescue System',0,0,22),(698,'Rollgliss Rope Rescue System',0,0,23),(699,'Rollgliss Rope Rescue System',0,0,24),(700,'Rollgliss Rope Rescue System',0,0,25),(701,'Rollgliss Rope Rescue System',0,0,26),(702,'Rollgliss Rope Rescue System',0,0,27),(703,'Rollgliss Rope Rescue System',0,0,28),(704,'Rescue Cradle With 50 ft Tagline',0,0,17),(705,'Rescue Cradle With 50 ft Tagline',0,0,18),(706,'Rescue Cradle With 50 ft Tagline',0,0,19),(707,'Rescue Cradle With 50 ft Tagline',0,0,20),(708,'Rescue Cradle With 50 ft Tagline',0,0,21),(709,'Rescue Cradle With 50 ft Tagline',0,0,22),(710,'Rescue Cradle With 50 ft Tagline',0,0,23),(711,'Rescue Cradle With 50 ft Tagline',0,0,24),(712,'Rescue Cradle With 50 ft Tagline',0,0,25),(713,'Rescue Cradle With 50 ft Tagline',0,0,26),(714,'Rescue Cradle With 50 ft Tagline',0,0,27),(715,'Rescue Cradle With 50 ft Tagline',0,0,28),(716,'Tripod Rescue',0,0,17),(717,'Tripod Rescue',0,0,18),(718,'Tripod Rescue',0,0,19),(719,'Tripod Rescue',0,0,20),(720,'Tripod Rescue',0,0,21),(721,'Tripod Rescue',0,0,22),(722,'Tripod Rescue',0,0,23),(723,'Tripod Rescue',0,0,24),(724,'Tripod Rescue',0,0,25),(725,'Tripod Rescue',0,0,26),(726,'Tripod Rescue',0,0,27),(727,'Tripod Rescue',0,0,28),(728,'Rope Rescue Team Package',0,0,17),(729,'Rope Rescue Team Package',0,0,18),(730,'Rope Rescue Team Package',0,0,19),(731,'Rope Rescue Team Package',0,0,20),(732,'Rope Rescue Team Package',0,0,21),(733,'Rope Rescue Team Package',0,0,22),(734,'Rope Rescue Team Package',0,0,23),(735,'Rope Rescue Team Package',0,0,24),(736,'Rope Rescue Team Package',0,0,25),(737,'Rope Rescue Team Package',0,0,26),(738,'Rope Rescue Team Package',0,0,27),(739,'Rope Rescue Team Package',0,0,28),(740,'Rescue Personal Package',0,0,17),(741,'Rescue Personal Package',0,0,18),(742,'Rescue Personal Package',0,0,19),(743,'Rescue Personal Package',0,0,20),(744,'Rescue Personal Package',0,0,21),(745,'Rescue Personal Package',0,0,22),(746,'Rescue Personal Package',0,0,23),(747,'Rescue Personal Package',0,0,24),(748,'Rescue Personal Package',0,0,25),(749,'Rescue Personal Package',0,0,26),(750,'Rescue Personal Package',0,0,27),(751,'Rescue Personal Package',0,0,28),(752,'Pak Hammer',0,0,17),(753,'Pak Hammer',0,0,18),(754,'Pak Hammer',0,0,19),(755,'Pak Hammer',0,0,20),(756,'Pak Hammer',0,0,21),(757,'Pak Hammer',0,0,22),(758,'Pak Hammer',0,0,23),(759,'Pak Hammer',0,0,24),(760,'Pak Hammer',0,0,25),(761,'Pak Hammer',0,0,26),(762,'Pak Hammer',0,0,27),(763,'Pak Hammer',0,0,28),(764,'Rotary Saw',0,0,17),(765,'Rotary Saw',0,0,18),(766,'Rotary Saw',0,0,19),(767,'Rotary Saw',0,0,20),(768,'Rotary Saw',0,0,21),(769,'Rotary Saw',0,0,22),(770,'Rotary Saw',0,0,23),(771,'Rotary Saw',0,0,24),(772,'Rotary Saw',0,0,25),(773,'Rotary Saw',0,0,26),(774,'Rotary Saw',0,0,27),(775,'Rotary Saw',0,0,28),(776,'Tabung Oksigen Lengkap',0,0,17),(777,'Tabung Oksigen Lengkap',0,0,18),(778,'Tabung Oksigen Lengkap',0,0,19),(779,'Tabung Oksigen Lengkap',0,0,20),(780,'Tabung Oksigen Lengkap',0,0,21),(781,'Tabung Oksigen Lengkap',0,0,22),(782,'Tabung Oksigen Lengkap',0,0,23),(783,'Tabung Oksigen Lengkap',0,0,24),(784,'Tabung Oksigen Lengkap',0,0,25),(785,'Tabung Oksigen Lengkap',0,0,26),(786,'Tabung Oksigen Lengkap',0,0,27),(787,'Tabung Oksigen Lengkap',0,0,28),(788,'Thermal Imaging Camera',0,0,17),(789,'Thermal Imaging Camera',0,0,18),(790,'Thermal Imaging Camera',0,0,19),(791,'Thermal Imaging Camera',0,0,20),(792,'Thermal Imaging Camera',0,0,21),(793,'Thermal Imaging Camera',0,0,22),(794,'Thermal Imaging Camera',0,0,23),(795,'Thermal Imaging Camera',0,0,24),(796,'Thermal Imaging Camera',0,0,25),(797,'Thermal Imaging Camera',0,0,26),(798,'Thermal Imaging Camera',0,0,27),(799,'Thermal Imaging Camera',0,0,28),(812,'Peralatan Rescue System Battery',0,0,17),(813,'Peralatan Rescue System Battery',0,0,18),(814,'Peralatan Rescue System Battery',0,0,19),(815,'Peralatan Rescue System Battery',0,0,20),(816,'Peralatan Rescue System Battery',0,0,21),(817,'Peralatan Rescue System Battery',0,0,22),(818,'Peralatan Rescue System Battery',0,0,23),(819,'Peralatan Rescue System Battery',0,0,24),(820,'Peralatan Rescue System Battery',0,0,25),(821,'Peralatan Rescue System Battery',0,0,26),(822,'Peralatan Rescue System Battery',0,0,27),(823,'Peralatan Rescue System Battery',0,0,28),(824,'Paratech Tactical Response Kit',0,0,17),(825,'Paratech Tactical Response Kit',0,0,18),(826,'Paratech Tactical Response Kit',0,0,19),(827,'Paratech Tactical Response Kit',0,0,20),(828,'Paratech Tactical Response Kit',0,0,21),(829,'Paratech Tactical Response Kit',0,0,22),(830,'Paratech Tactical Response Kit',0,0,23),(831,'Paratech Tactical Response Kit',0,0,24),(832,'Paratech Tactical Response Kit',0,0,25),(833,'Paratech Tactical Response Kit',0,0,26),(834,'Paratech Tactical Response Kit',0,0,27),(835,'Paratech Tactical Response Kit',0,0,28),(836,'Hydraulic Shoring Set Holmatro',0,0,17),(837,'Hydraulic Shoring Set Holmatro',0,0,18),(838,'Hydraulic Shoring Set Holmatro',0,0,19),(839,'Hydraulic Shoring Set Holmatro',0,0,20),(840,'Hydraulic Shoring Set Holmatro',0,0,21),(841,'Hydraulic Shoring Set Holmatro',0,0,22),(842,'Hydraulic Shoring Set Holmatro',0,0,23),(843,'Hydraulic Shoring Set Holmatro',0,0,24),(844,'Hydraulic Shoring Set Holmatro',0,0,25),(845,'Hydraulic Shoring Set Holmatro',0,0,26),(846,'Hydraulic Shoring Set Holmatro',0,0,27),(847,'Hydraulic Shoring Set Holmatro',0,0,28),(848,'Motor Pump Holmatro',0,0,17),(849,'Motor Pump Holmatro',0,0,18),(850,'Motor Pump Holmatro',0,0,19),(851,'Motor Pump Holmatro',0,0,20),(852,'Motor Pump Holmatro',0,0,21),(853,'Motor Pump Holmatro',0,0,22),(854,'Motor Pump Holmatro',0,0,23),(855,'Motor Pump Holmatro',0,0,24),(856,'Motor Pump Holmatro',0,0,25),(857,'Motor Pump Holmatro',0,0,26),(858,'Motor Pump Holmatro',0,0,27),(859,'Motor Pump Holmatro',0,0,28),(860,'Breaching Tools Pahat Terpasang',0,0,17),(861,'Breaching Tools Pahat Terpasang',0,0,18),(862,'Breaching Tools Pahat Terpasang',0,0,19),(863,'Breaching Tools Pahat Terpasang',0,0,20),(864,'Breaching Tools Pahat Terpasang',0,0,21),(865,'Breaching Tools Pahat Terpasang',0,0,22),(866,'Breaching Tools Pahat Terpasang',0,0,23),(867,'Breaching Tools Pahat Terpasang',0,0,24),(868,'Breaching Tools Pahat Terpasang',0,0,25),(869,'Breaching Tools Pahat Terpasang',0,0,26),(870,'Breaching Tools Pahat Terpasang',0,0,27),(871,'Breaching Tools Pahat Terpasang',0,0,28),(872,'Tool Electrical Set',0,0,17),(873,'Tool Electrical Set',0,0,18),(874,'Tool Electrical Set',0,0,19),(875,'Tool Electrical Set',0,0,20),(876,'Tool Electrical Set',0,0,21),(877,'Tool Electrical Set',0,0,22),(878,'Tool Electrical Set',0,0,23),(879,'Tool Electrical Set',0,0,24),(880,'Tool Electrical Set',0,0,25),(881,'Tool Electrical Set',0,0,26),(882,'Tool Electrical Set',0,0,27),(883,'Tool Electrical Set',0,0,28),(884,'High Voltage Meter',0,0,17),(885,'High Voltage Meter',0,0,18),(886,'High Voltage Meter',0,0,19),(887,'High Voltage Meter',0,0,20),(888,'High Voltage Meter',0,0,21),(889,'High Voltage Meter',0,0,22),(890,'High Voltage Meter',0,0,23),(891,'High Voltage Meter',0,0,24),(892,'High Voltage Meter',0,0,25),(893,'High Voltage Meter',0,0,26),(894,'High Voltage Meter',0,0,27),(895,'High Voltage Meter',0,0,28),(896,'Nightsearcher Solaris Lite',0,0,17),(897,'Nightsearcher Solaris Lite',0,0,18),(898,'Nightsearcher Solaris Lite',0,0,19),(899,'Nightsearcher Solaris Lite',0,0,20),(900,'Nightsearcher Solaris Lite',0,0,21),(901,'Nightsearcher Solaris Lite',0,0,22),(902,'Nightsearcher Solaris Lite',0,0,23),(903,'Nightsearcher Solaris Lite',0,0,24),(904,'Nightsearcher Solaris Lite',0,0,25),(905,'Nightsearcher Solaris Lite',0,0,26),(906,'Nightsearcher Solaris Lite',0,0,27),(907,'Nightsearcher Solaris Lite',0,0,28),(908,'Battery Operated Spreader',0,0,17),(909,'Battery Operated Spreader',0,0,18),(910,'Battery Operated Spreader',0,0,19),(911,'Battery Operated Spreader',0,0,20),(912,'Battery Operated Spreader',0,0,21),(913,'Battery Operated Spreader',0,0,22),(914,'Battery Operated Spreader',0,0,23),(915,'Battery Operated Spreader',0,0,24),(916,'Battery Operated Spreader',0,0,25),(917,'Battery Operated Spreader',0,0,26),(918,'Battery Operated Spreader',0,0,27),(919,'Battery Operated Spreader',0,0,28),(920,'Battery Operated Cutter',0,0,17),(921,'Battery Operated Cutter',0,0,18),(922,'Battery Operated Cutter',0,0,19),(923,'Battery Operated Cutter',0,0,20),(924,'Battery Operated Cutter',0,0,21),(925,'Battery Operated Cutter',0,0,22),(926,'Battery Operated Cutter',0,0,23),(927,'Battery Operated Cutter',0,0,24),(928,'Battery Operated Cutter',0,0,25),(929,'Battery Operated Cutter',0,0,26),(930,'Battery Operated Cutter',0,0,27),(931,'Battery Operated Cutter',0,0,28),(932,'Battery Operated Combi Tool',0,0,17),(933,'Battery Operated Combi Tool',0,0,18),(934,'Battery Operated Combi Tool',0,0,19),(935,'Battery Operated Combi Tool',0,0,20),(936,'Battery Operated Combi Tool',0,0,21),(937,'Battery Operated Combi Tool',0,0,22),(938,'Battery Operated Combi Tool',0,0,23),(939,'Battery Operated Combi Tool',0,0,24),(940,'Battery Operated Combi Tool',0,0,25),(941,'Battery Operated Combi Tool',0,0,26),(942,'Battery Operated Combi Tool',0,0,27),(943,'Battery Operated Combi Tool',0,0,28),(944,'Tactical Response Kit',0,0,17),(945,'Tactical Response Kit',0,0,18),(946,'Tactical Response Kit',0,0,19),(947,'Tactical Response Kit',0,0,20),(948,'Tactical Response Kit',0,0,21),(949,'Tactical Response Kit',0,0,22),(950,'Tactical Response Kit',0,0,23),(951,'Tactical Response Kit',0,0,24),(952,'Tactical Response Kit',0,0,25),(953,'Tactical Response Kit',0,0,26),(954,'Tactical Response Kit',0,0,27),(955,'Tactical Response Kit',0,0,28),(956,'Multigas Detector',0,0,17),(957,'Multigas Detector',0,0,18),(958,'Multigas Detector',0,0,19),(959,'Multigas Detector',0,0,20),(960,'Multigas Detector',0,0,21),(961,'Multigas Detector',0,0,22),(962,'Multigas Detector',0,0,23),(963,'Multigas Detector',0,0,24),(964,'Multigas Detector',0,0,25),(965,'Multigas Detector',0,0,26),(966,'Multigas Detector',0,0,27),(967,'Multigas Detector',0,0,28),(968,'Operated Spreader Set',0,0,17),(969,'Operated Spreader Set',0,0,18),(970,'Operated Spreader Set',0,0,19),(971,'Operated Spreader Set',0,0,20),(972,'Operated Spreader Set',0,0,21),(973,'Operated Spreader Set',0,0,22),(974,'Operated Spreader Set',0,0,23),(975,'Operated Spreader Set',0,0,24),(976,'Operated Spreader Set',0,0,25),(977,'Operated Spreader Set',0,0,26),(978,'Operated Spreader Set',0,0,27),(979,'Operated Spreader Set',0,0,28),(980,'Operated Cutter Set',0,0,17),(981,'Operated Cutter Set',0,0,18),(982,'Operated Cutter Set',0,0,19),(983,'Operated Cutter Set',0,0,20),(984,'Operated Cutter Set',0,0,21),(985,'Operated Cutter Set',0,0,22),(986,'Operated Cutter Set',0,0,23),(987,'Operated Cutter Set',0,0,24),(988,'Operated Cutter Set',0,0,25),(989,'Operated Cutter Set',0,0,26),(990,'Operated Cutter Set',0,0,27),(991,'Operated Cutter Set',0,0,28),(992,'Door Opener Set',0,0,17),(993,'Door Opener Set',0,0,18),(994,'Door Opener Set',0,0,19),(995,'Door Opener Set',0,0,20),(996,'Door Opener Set',0,0,21),(997,'Door Opener Set',0,0,22),(998,'Door Opener Set',0,0,23),(999,'Door Opener Set',0,0,24),(1000,'Door Opener Set',0,0,25),(1001,'Door Opener Set',0,0,26),(1002,'Door Opener Set',0,0,27),(1003,'Door Opener Set',0,0,28),(1004,'Hooligan Tool',0,0,17),(1005,'Hooligan Tool',0,0,18),(1006,'Hooligan Tool',0,0,19),(1007,'Hooligan Tool',0,0,20),(1008,'Hooligan Tool',0,0,21),(1009,'Hooligan Tool',0,0,22),(1010,'Hooligan Tool',0,0,23),(1011,'Hooligan Tool',0,0,24),(1012,'Hooligan Tool',0,0,25),(1013,'Hooligan Tool',0,0,26),(1014,'Hooligan Tool',0,0,27),(1015,'Hooligan Tool',0,0,28),(1016,'Advance 5 - Pice Hoist System',0,0,17),(1017,'Advance 5 - Pice Hoist System',0,0,18),(1018,'Advance 5 - Pice Hoist System',0,0,19),(1019,'Advance 5 - Pice Hoist System',0,0,20),(1020,'Advance 5 - Pice Hoist System',0,0,21),(1021,'Advance 5 - Pice Hoist System',0,0,22),(1022,'Advance 5 - Pice Hoist System',0,0,23),(1023,'Advance 5 - Pice Hoist System',0,0,24),(1024,'Advance 5 - Pice Hoist System',0,0,25),(1025,'Advance 5 - Pice Hoist System',0,0,26),(1026,'Advance 5 - Pice Hoist System',0,0,27),(1027,'Advance 5 - Pice Hoist System',0,0,28),(1028,'Advance Digital Series Winch',0,0,17),(1029,'Advance Digital Series Winch',0,0,18),(1030,'Advance Digital Series Winch',0,0,19),(1031,'Advance Digital Series Winch',0,0,20),(1032,'Advance Digital Series Winch',0,0,21),(1033,'Advance Digital Series Winch',0,0,22),(1034,'Advance Digital Series Winch',0,0,23),(1035,'Advance Digital Series Winch',0,0,24),(1036,'Advance Digital Series Winch',0,0,25),(1037,'Advance Digital Series Winch',0,0,26),(1038,'Advance Digital Series Winch',0,0,27),(1039,'Advance Digital Series Winch',0,0,28),(1040,'Sealed Self Retracting Lifeness',0,0,17),(1041,'Sealed Self Retracting Lifeness',0,0,18),(1042,'Sealed Self Retracting Lifeness',0,0,19),(1043,'Sealed Self Retracting Lifeness',0,0,20),(1044,'Sealed Self Retracting Lifeness',0,0,21),(1045,'Sealed Self Retracting Lifeness',0,0,22),(1046,'Sealed Self Retracting Lifeness',0,0,23),(1047,'Sealed Self Retracting Lifeness',0,0,24),(1048,'Sealed Self Retracting Lifeness',0,0,25),(1049,'Sealed Self Retracting Lifeness',0,0,26),(1050,'Sealed Self Retracting Lifeness',0,0,27),(1051,'Sealed Self Retracting Lifeness',0,0,28),(1052,'Winch',0,0,17),(1053,'Winch',0,0,18),(1054,'Winch',0,0,19),(1055,'Winch',0,0,20),(1056,'Winch',0,0,21),(1057,'Winch',0,0,22),(1058,'Winch',0,0,23),(1059,'Winch',0,0,24),(1060,'Winch',0,0,25),(1061,'Winch',0,0,26),(1062,'Winch',0,0,27),(1063,'Winch',0,0,28),(1064,'Working Seat/Boat Swain Chair',0,0,17),(1065,'Working Seat/Boat Swain Chair',0,0,18),(1066,'Working Seat/Boat Swain Chair',0,0,19),(1067,'Working Seat/Boat Swain Chair',0,0,20),(1068,'Working Seat/Boat Swain Chair',0,0,21),(1069,'Working Seat/Boat Swain Chair',0,0,22),(1070,'Working Seat/Boat Swain Chair',0,0,23),(1071,'Working Seat/Boat Swain Chair',0,0,24),(1072,'Working Seat/Boat Swain Chair',0,0,25),(1073,'Working Seat/Boat Swain Chair',0,0,26),(1074,'Working Seat/Boat Swain Chair',0,0,27),(1075,'Working Seat/Boat Swain Chair',0,0,28),(1076,'Rescue Matic',0,0,17),(1077,'Rescue Matic',0,0,18),(1078,'Rescue Matic',0,0,19),(1079,'Rescue Matic',0,0,20),(1080,'Rescue Matic',0,0,21),(1081,'Rescue Matic',0,0,22),(1082,'Rescue Matic',0,0,23),(1083,'Rescue Matic',0,0,24),(1084,'Rescue Matic',0,0,25),(1085,'Rescue Matic',0,0,26),(1086,'Rescue Matic',0,0,27),(1087,'Rescue Matic',0,0,28),(1088,'Double Leg Lanyard Nomex',0,0,17),(1089,'Double Leg Lanyard Nomex',0,0,18),(1090,'Double Leg Lanyard Nomex',0,0,19),(1091,'Double Leg Lanyard Nomex',0,0,20),(1092,'Double Leg Lanyard Nomex',0,0,21),(1093,'Double Leg Lanyard Nomex',0,0,22),(1094,'Double Leg Lanyard Nomex',0,0,23),(1095,'Double Leg Lanyard Nomex',0,0,24),(1096,'Double Leg Lanyard Nomex',0,0,25),(1097,'Double Leg Lanyard Nomex',0,0,26),(1098,'Double Leg Lanyard Nomex',0,0,27),(1099,'Double Leg Lanyard Nomex',0,0,28),(1100,'Descender & Rescue Device',0,0,17),(1101,'Descender & Rescue Device',0,0,18),(1102,'Descender & Rescue Device',0,0,19),(1103,'Descender & Rescue Device',0,0,20),(1104,'Descender & Rescue Device',0,0,21),(1105,'Descender & Rescue Device',0,0,22),(1106,'Descender & Rescue Device',0,0,23),(1107,'Descender & Rescue Device',0,0,24),(1108,'Descender & Rescue Device',0,0,25),(1109,'Descender & Rescue Device',0,0,26),(1110,'Descender & Rescue Device',0,0,27),(1111,'Descender & Rescue Device',0,0,28),(1112,'Rope Clamp',0,0,17),(1113,'Rope Clamp',0,0,18),(1114,'Rope Clamp',0,0,19),(1115,'Rope Clamp',0,0,20),(1116,'Rope Clamp',0,0,21),(1117,'Rope Clamp',0,0,22),(1118,'Rope Clamp',0,0,23),(1119,'Rope Clamp',0,0,24),(1120,'Rope Clamp',0,0,25),(1121,'Rope Clamp',0,0,26),(1122,'Rope Clamp',0,0,27),(1123,'Rope Clamp',0,0,28),(1124,'Pulley',0,0,17),(1125,'Pulley',0,0,18),(1126,'Pulley',0,0,19),(1127,'Pulley',0,0,20),(1128,'Pulley',0,0,21),(1129,'Pulley',0,0,22),(1130,'Pulley',0,0,23),(1131,'Pulley',0,0,24),(1132,'Pulley',0,0,25),(1133,'Pulley',0,0,26),(1134,'Pulley',0,0,27),(1135,'Pulley',0,0,28),(1136,'Set Seal Pac',0,0,17),(1137,'Set Seal Pac',0,0,18),(1138,'Set Seal Pac',0,0,19),(1139,'Set Seal Pac',0,0,20),(1140,'Set Seal Pac',0,0,21),(1141,'Set Seal Pac',0,0,22),(1142,'Set Seal Pac',0,0,23),(1143,'Set Seal Pac',0,0,24),(1144,'Set Seal Pac',0,0,25),(1145,'Set Seal Pac',0,0,26),(1146,'Set Seal Pac',0,0,27),(1147,'Set Seal Pac',0,0,28),(1148,'Gergaji Potong Kecil',0,0,17),(1149,'Gergaji Potong Kecil',0,0,18),(1150,'Gergaji Potong Kecil',0,0,19),(1151,'Gergaji Potong Kecil',0,0,20),(1152,'Gergaji Potong Kecil',0,0,21),(1153,'Gergaji Potong Kecil',0,0,22),(1154,'Gergaji Potong Kecil',0,0,23),(1155,'Gergaji Potong Kecil',0,0,24),(1156,'Gergaji Potong Kecil',0,0,25),(1157,'Gergaji Potong Kecil',0,0,26),(1158,'Gergaji Potong Kecil',0,0,27),(1159,'Gergaji Potong Kecil',0,0,28),(1160,'Gergaji Potong Besar',0,0,17),(1161,'Gergaji Potong Besar',0,0,18),(1162,'Gergaji Potong Besar',0,0,19),(1163,'Gergaji Potong Besar',0,0,20),(1164,'Gergaji Potong Besar',0,0,21),(1165,'Gergaji Potong Besar',0,0,22),(1166,'Gergaji Potong Besar',0,0,23),(1167,'Gergaji Potong Besar',0,0,24),(1168,'Gergaji Potong Besar',0,0,25),(1169,'Gergaji Potong Besar',0,0,26),(1170,'Gergaji Potong Besar',0,0,27),(1171,'Gergaji Potong Besar',0,0,28),(1172,'Lifting Bag',0,0,17),(1173,'Lifting Bag',0,0,18),(1174,'Lifting Bag',0,0,19),(1175,'Lifting Bag',0,0,20),(1176,'Lifting Bag',0,0,21),(1177,'Lifting Bag',0,0,22),(1178,'Lifting Bag',0,0,23),(1179,'Lifting Bag',0,0,24),(1180,'Lifting Bag',0,0,25),(1181,'Lifting Bag',0,0,26),(1182,'Lifting Bag',0,0,27),(1183,'Lifting Bag',0,0,28),(1184,'Cribbing Block Set',0,0,17),(1185,'Cribbing Block Set',0,0,18),(1186,'Cribbing Block Set',0,0,19),(1187,'Cribbing Block Set',0,0,20),(1188,'Cribbing Block Set',0,0,21),(1189,'Cribbing Block Set',0,0,22),(1190,'Cribbing Block Set',0,0,23),(1191,'Cribbing Block Set',0,0,24),(1192,'Cribbing Block Set',0,0,25),(1193,'Cribbing Block Set',0,0,26),(1194,'Cribbing Block Set',0,0,27),(1195,'Cribbing Block Set',0,0,28),(1196,'Rescue Hood With Constant Flow',0,0,17),(1197,'Rescue Hood With Constant Flow',0,0,18),(1198,'Rescue Hood With Constant Flow',0,0,19),(1199,'Rescue Hood With Constant Flow',0,0,20),(1200,'Rescue Hood With Constant Flow',0,0,21),(1201,'Rescue Hood With Constant Flow',0,0,22),(1202,'Rescue Hood With Constant Flow',0,0,23),(1203,'Rescue Hood With Constant Flow',0,0,24),(1204,'Rescue Hood With Constant Flow',0,0,25),(1205,'Rescue Hood With Constant Flow',0,0,26),(1206,'Rescue Hood With Constant Flow',0,0,27),(1207,'Rescue Hood With Constant Flow',0,0,28),(1208,'Compact Rescue Kit',0,0,17),(1209,'Compact Rescue Kit',0,0,18),(1210,'Compact Rescue Kit',0,0,19),(1211,'Compact Rescue Kit',0,0,20),(1212,'Compact Rescue Kit',0,0,21),(1213,'Compact Rescue Kit',0,0,22),(1214,'Compact Rescue Kit',0,0,23),(1215,'Compact Rescue Kit',0,0,24),(1216,'Compact Rescue Kit',0,0,25),(1217,'Compact Rescue Kit',0,0,26),(1218,'Compact Rescue Kit',0,0,27),(1219,'Compact Rescue Kit',0,0,28),(1220,'Weber Hydraulic Rapid Forcible Entry',0,0,17),(1221,'Weber Hydraulic Rapid Forcible Entry',0,0,18),(1222,'Weber Hydraulic Rapid Forcible Entry',0,0,19),(1223,'Weber Hydraulic Rapid Forcible Entry',0,0,20),(1224,'Weber Hydraulic Rapid Forcible Entry',0,0,21),(1225,'Weber Hydraulic Rapid Forcible Entry',0,0,22),(1226,'Weber Hydraulic Rapid Forcible Entry',0,0,23),(1227,'Weber Hydraulic Rapid Forcible Entry',0,0,24),(1228,'Weber Hydraulic Rapid Forcible Entry',0,0,25),(1229,'Weber Hydraulic Rapid Forcible Entry',0,0,26),(1230,'Weber Hydraulic Rapid Forcible Entry',0,0,27),(1231,'Weber Hydraulic Rapid Forcible Entry',0,0,28),(1232,'Weber Hydraulic RSX160 E-Force',0,0,17),(1233,'Weber Hydraulic RSX160 E-Force',0,0,18),(1234,'Weber Hydraulic RSX160 E-Force',0,0,19),(1235,'Weber Hydraulic RSX160 E-Force',0,0,20),(1236,'Weber Hydraulic RSX160 E-Force',0,0,21),(1237,'Weber Hydraulic RSX160 E-Force',0,0,22),(1238,'Weber Hydraulic RSX160 E-Force',0,0,23),(1239,'Weber Hydraulic RSX160 E-Force',0,0,24),(1240,'Weber Hydraulic RSX160 E-Force',0,0,25),(1241,'Weber Hydraulic RSX160 E-Force',0,0,26),(1242,'Weber Hydraulic RSX160 E-Force',0,0,27),(1243,'Weber Hydraulic RSX160 E-Force',0,0,28),(1244,'T-Max EW-15000/Penarik Elektrik',0,0,17),(1245,'T-Max EW-15000/Penarik Elektrik',0,0,18),(1246,'T-Max EW-15000/Penarik Elektrik',0,0,19),(1247,'T-Max EW-15000/Penarik Elektrik',0,0,20),(1248,'T-Max EW-15000/Penarik Elektrik',0,0,21),(1249,'T-Max EW-15000/Penarik Elektrik',0,0,22),(1250,'T-Max EW-15000/Penarik Elektrik',0,0,23),(1251,'T-Max EW-15000/Penarik Elektrik',0,0,24),(1252,'T-Max EW-15000/Penarik Elektrik',0,0,25),(1253,'T-Max EW-15000/Penarik Elektrik',0,0,26),(1254,'T-Max EW-15000/Penarik Elektrik',0,0,27),(1255,'T-Max EW-15000/Penarik Elektrik',0,0,28),(1256,'Pice Hoist System',0,0,17),(1257,'Pice Hoist System',0,0,18),(1258,'Pice Hoist System',0,0,19),(1259,'Pice Hoist System',0,0,20),(1260,'Pice Hoist System',0,0,21),(1261,'Pice Hoist System',0,0,22),(1262,'Pice Hoist System',0,0,23),(1263,'Pice Hoist System',0,0,24),(1264,'Pice Hoist System',0,0,25),(1265,'Pice Hoist System',0,0,26),(1266,'Pice Hoist System',0,0,27),(1267,'Pice Hoist System',0,0,28),(1268,'Manequin/Boneka',0,0,17),(1269,'Manequin/Boneka',0,0,18),(1270,'Manequin/Boneka',0,0,19),(1271,'Manequin/Boneka',0,0,20),(1272,'Manequin/Boneka',0,0,21),(1273,'Manequin/Boneka',0,0,22),(1274,'Manequin/Boneka',0,0,23),(1275,'Manequin/Boneka',0,0,24),(1276,'Manequin/Boneka',0,0,25),(1277,'Manequin/Boneka',0,0,26),(1278,'Manequin/Boneka',0,0,27),(1279,'Manequin/Boneka',0,0,28),(1280,'Building Movement Monitor',0,0,17),(1281,'Building Movement Monitor',0,0,18),(1282,'Building Movement Monitor',0,0,19),(1283,'Building Movement Monitor',0,0,20),(1284,'Building Movement Monitor',0,0,21),(1285,'Building Movement Monitor',0,0,22),(1286,'Building Movement Monitor',0,0,23),(1287,'Building Movement Monitor',0,0,24),(1288,'Building Movement Monitor',0,0,25),(1289,'Building Movement Monitor',0,0,26),(1290,'Building Movement Monitor',0,0,27),(1291,'Building Movement Monitor',0,0,28),(1292,'Figure Eight/8',0,0,17),(1293,'Figure Eight/8',0,0,18),(1294,'Figure Eight/8',0,0,19),(1295,'Figure Eight/8',0,0,20),(1296,'Figure Eight/8',0,0,21),(1297,'Figure Eight/8',0,0,22),(1298,'Figure Eight/8',0,0,23),(1299,'Figure Eight/8',0,0,24),(1300,'Figure Eight/8',0,0,25),(1301,'Figure Eight/8',0,0,26),(1302,'Figure Eight/8',0,0,27),(1303,'Figure Eight/8',0,0,28),(1304,'Karabiner/Cincin Kait',0,0,17),(1305,'Karabiner/Cincin Kait',0,0,18),(1306,'Karabiner/Cincin Kait',0,0,19),(1307,'Karabiner/Cincin Kait',0,0,20),(1308,'Karabiner/Cincin Kait',0,0,21),(1309,'Karabiner/Cincin Kait',0,0,22),(1310,'Karabiner/Cincin Kait',0,0,23),(1311,'Karabiner/Cincin Kait',0,0,24),(1312,'Karabiner/Cincin Kait',0,0,25),(1313,'Karabiner/Cincin Kait',0,0,26),(1314,'Karabiner/Cincin Kait',0,0,27),(1315,'Karabiner/Cincin Kait',0,0,28),(1316,'Tali Karmantel',0,0,17),(1317,'Tali Karmantel',0,0,18),(1318,'Tali Karmantel',0,0,19),(1319,'Tali Karmantel',0,0,20),(1320,'Tali Karmantel',0,0,21),(1321,'Tali Karmantel',0,0,22),(1322,'Tali Karmantel',0,0,23),(1323,'Tali Karmantel',0,0,24),(1324,'Tali Karmantel',0,0,25),(1325,'Tali Karmantel',0,0,26),(1326,'Tali Karmantel',0,0,27),(1327,'Tali Karmantel',0,0,28),(1328,'Ascender',0,0,17),(1329,'Ascender',0,0,18),(1330,'Ascender',0,0,19),(1331,'Ascender',0,0,20),(1332,'Ascender',0,0,21),(1333,'Ascender',0,0,22),(1334,'Ascender',0,0,23),(1335,'Ascender',0,0,24),(1336,'Ascender',0,0,25),(1337,'Ascender',0,0,26),(1338,'Ascender',0,0,27),(1339,'Ascender',0,0,28),(1340,'Descender',0,0,17),(1341,'Descender',0,0,18),(1342,'Descender',0,0,19),(1343,'Descender',0,0,20),(1344,'Descender',0,0,21),(1345,'Descender',0,0,22),(1346,'Descender',0,0,23),(1347,'Descender',0,0,24),(1348,'Descender',0,0,25),(1349,'Descender',0,0,26),(1350,'Descender',0,0,27),(1351,'Descender',0,0,28),(1352,'Kotak Medis',0,0,17),(1353,'Kotak Medis',0,0,18),(1354,'Kotak Medis',0,0,19),(1355,'Kotak Medis',0,0,20),(1356,'Kotak Medis',0,0,21),(1357,'Kotak Medis',0,0,22),(1358,'Kotak Medis',0,0,23),(1359,'Kotak Medis',0,0,24),(1360,'Kotak Medis',0,0,25),(1361,'Kotak Medis',0,0,26),(1362,'Kotak Medis',0,0,27),(1363,'Kotak Medis',0,0,28),(1364,'Pry Axe',0,0,17),(1365,'Pry Axe',0,0,18),(1366,'Pry Axe',0,0,19),(1367,'Pry Axe',0,0,20),(1368,'Pry Axe',0,0,21),(1369,'Pry Axe',0,0,22),(1370,'Pry Axe',0,0,23),(1371,'Pry Axe',0,0,24),(1372,'Pry Axe',0,0,25),(1373,'Pry Axe',0,0,26),(1374,'Pry Axe',0,0,27),(1375,'Pry Axe',0,0,28),(1376,'Mesin Blower',0,0,17),(1377,'Mesin Blower',0,0,18),(1378,'Mesin Blower',0,0,19),(1379,'Mesin Blower',0,0,20),(1380,'Mesin Blower',0,0,21),(1381,'Mesin Blower',0,0,22),(1382,'Mesin Blower',0,0,23),(1383,'Mesin Blower',0,0,24),(1384,'Mesin Blower',0,0,25),(1385,'Mesin Blower',0,0,26),(1386,'Mesin Blower',0,0,27),(1387,'Mesin Blower',0,0,28),(1388,'DSU (Detector Signal Unit)',0,0,17),(1389,'DSU (Detector Signal Unit)',0,0,18),(1390,'DSU (Detector Signal Unit)',0,0,19),(1391,'DSU (Detector Signal Unit)',0,0,20),(1392,'DSU (Detector Signal Unit)',0,0,21),(1393,'DSU (Detector Signal Unit)',0,0,22),(1394,'DSU (Detector Signal Unit)',0,0,23),(1395,'DSU (Detector Signal Unit)',0,0,24),(1396,'DSU (Detector Signal Unit)',0,0,25),(1397,'DSU (Detector Signal Unit)',0,0,26),(1398,'DSU (Detector Signal Unit)',0,0,27),(1399,'DSU (Detector Signal Unit)',0,0,28),(1400,'Pelontar (Rescue Solution)',0,0,17),(1401,'Pelontar (Rescue Solution)',0,0,18),(1402,'Pelontar (Rescue Solution)',0,0,19),(1403,'Pelontar (Rescue Solution)',0,0,20),(1404,'Pelontar (Rescue Solution)',0,0,21),(1405,'Pelontar (Rescue Solution)',0,0,22),(1406,'Pelontar (Rescue Solution)',0,0,23),(1407,'Pelontar (Rescue Solution)',0,0,24),(1408,'Pelontar (Rescue Solution)',0,0,25),(1409,'Pelontar (Rescue Solution)',0,0,26),(1410,'Pelontar (Rescue Solution)',0,0,27),(1411,'Pelontar (Rescue Solution)',0,0,28),(1412,'Survivor 8 Escape',0,0,17),(1413,'Survivor 8 Escape',0,0,18),(1414,'Survivor 8 Escape',0,0,19),(1415,'Survivor 8 Escape',0,0,20),(1416,'Survivor 8 Escape',0,0,21),(1417,'Survivor 8 Escape',0,0,22),(1418,'Survivor 8 Escape',0,0,23),(1419,'Survivor 8 Escape',0,0,24),(1420,'Survivor 8 Escape',0,0,25),(1421,'Survivor 8 Escape',0,0,26),(1422,'Survivor 8 Escape',0,0,27),(1423,'Survivor 8 Escape',0,0,28),(1424,'Manual Cutter',0,0,17),(1425,'Manual Cutter',0,0,18),(1426,'Manual Cutter',0,0,19),(1427,'Manual Cutter',0,0,20),(1428,'Manual Cutter',0,0,21),(1429,'Manual Cutter',0,0,22),(1430,'Manual Cutter',0,0,23),(1431,'Manual Cutter',0,0,24),(1432,'Manual Cutter',0,0,25),(1433,'Manual Cutter',0,0,26),(1434,'Manual Cutter',0,0,27),(1435,'Manual Cutter',0,0,28),(1436,'LED Portable Rechargeable Area',0,0,17),(1437,'LED Portable Rechargeable Area',0,0,18),(1438,'LED Portable Rechargeable Area',0,0,19),(1439,'LED Portable Rechargeable Area',0,0,20),(1440,'LED Portable Rechargeable Area',0,0,21),(1441,'LED Portable Rechargeable Area',0,0,22),(1442,'LED Portable Rechargeable Area',0,0,23),(1443,'LED Portable Rechargeable Area',0,0,24),(1444,'LED Portable Rechargeable Area',0,0,25),(1445,'LED Portable Rechargeable Area',0,0,26),(1446,'LED Portable Rechargeable Area',0,0,27),(1447,'LED Portable Rechargeable Area',0,0,28),(1448,'RPD Rescue Cradle',0,0,17),(1449,'RPD Rescue Cradle',0,0,18),(1450,'RPD Rescue Cradle',0,0,19),(1451,'RPD Rescue Cradle',0,0,20),(1452,'RPD Rescue Cradle',0,0,21),(1453,'RPD Rescue Cradle',0,0,22),(1454,'RPD Rescue Cradle',0,0,23),(1455,'RPD Rescue Cradle',0,0,24),(1456,'RPD Rescue Cradle',0,0,25),(1457,'RPD Rescue Cradle',0,0,26),(1458,'RPD Rescue Cradle',0,0,27),(1459,'RPD Rescue Cradle',0,0,28),(1460,'Compressed Air Foam System',0,0,17),(1461,'Compressed Air Foam System',0,0,18),(1462,'Compressed Air Foam System',0,0,19),(1463,'Compressed Air Foam System',0,0,20),(1464,'Compressed Air Foam System',0,0,21),(1465,'Compressed Air Foam System',0,0,22),(1466,'Compressed Air Foam System',0,0,23),(1467,'Compressed Air Foam System',0,0,24),(1468,'Compressed Air Foam System',0,0,25),(1469,'Compressed Air Foam System',0,0,26),(1470,'Compressed Air Foam System',0,0,27),(1471,'Compressed Air Foam System',0,0,28),(1472,'Air Foam Liquid',0,0,17),(1473,'Air Foam Liquid',0,0,18),(1474,'Air Foam Liquid',0,0,19),(1475,'Air Foam Liquid',0,0,20),(1476,'Air Foam Liquid',0,0,21),(1477,'Air Foam Liquid',0,0,22),(1478,'Air Foam Liquid',0,0,23),(1479,'Air Foam Liquid',0,0,24),(1480,'Air Foam Liquid',0,0,25),(1481,'Air Foam Liquid',0,0,26),(1482,'Air Foam Liquid',0,0,27),(1483,'Air Foam Liquid',0,0,28),(1484,'Lampu Emergency Starlite',0,0,17),(1485,'Lampu Emergency Starlite',0,0,18),(1486,'Lampu Emergency Starlite',0,0,19),(1487,'Lampu Emergency Starlite',0,0,20),(1488,'Lampu Emergency Starlite',0,0,21),(1489,'Lampu Emergency Starlite',0,0,22),(1490,'Lampu Emergency Starlite',0,0,23),(1491,'Lampu Emergency Starlite',0,0,24),(1492,'Lampu Emergency Starlite',0,0,25),(1493,'Lampu Emergency Starlite',0,0,26),(1494,'Lampu Emergency Starlite',0,0,27),(1495,'Lampu Emergency Starlite',0,0,28),(1496,'Positive Pressure Ventilator',0,0,17),(1497,'Positive Pressure Ventilator',0,0,18),(1498,'Positive Pressure Ventilator',0,0,19),(1499,'Positive Pressure Ventilator',0,0,20),(1500,'Positive Pressure Ventilator',0,0,21),(1501,'Positive Pressure Ventilator',0,0,22),(1502,'Positive Pressure Ventilator',0,0,23),(1503,'Positive Pressure Ventilator',0,0,24),(1504,'Positive Pressure Ventilator',0,0,25),(1505,'Positive Pressure Ventilator',0,0,26),(1506,'Positive Pressure Ventilator',0,0,27),(1507,'Positive Pressure Ventilator',0,0,28),(1508,'Drager Oxygen Booster DOB-T',0,0,17),(1509,'Drager Oxygen Booster DOB-T',0,0,18),(1510,'Drager Oxygen Booster DOB-T',0,0,19),(1511,'Drager Oxygen Booster DOB-T',0,0,20),(1512,'Drager Oxygen Booster DOB-T',0,0,21),(1513,'Drager Oxygen Booster DOB-T',0,0,22),(1514,'Drager Oxygen Booster DOB-T',0,0,23),(1515,'Drager Oxygen Booster DOB-T',0,0,24),(1516,'Drager Oxygen Booster DOB-T',0,0,25),(1517,'Drager Oxygen Booster DOB-T',0,0,26),(1518,'Drager Oxygen Booster DOB-T',0,0,27),(1519,'Drager Oxygen Booster DOB-T',0,0,28),(1520,'HID Litebox Rechargeable Lantern',0,0,17),(1521,'HID Litebox Rechargeable Lantern',0,0,18),(1522,'HID Litebox Rechargeable Lantern',0,0,19),(1523,'HID Litebox Rechargeable Lantern',0,0,20),(1524,'HID Litebox Rechargeable Lantern',0,0,21),(1525,'HID Litebox Rechargeable Lantern',0,0,22),(1526,'HID Litebox Rechargeable Lantern',0,0,23),(1527,'HID Litebox Rechargeable Lantern',0,0,24),(1528,'HID Litebox Rechargeable Lantern',0,0,25),(1529,'HID Litebox Rechargeable Lantern',0,0,26),(1530,'HID Litebox Rechargeable Lantern',0,0,27),(1531,'HID Litebox Rechargeable Lantern',0,0,28),(1532,'Distress Signal Unit',0,0,17),(1533,'Distress Signal Unit',0,0,18),(1534,'Distress Signal Unit',0,0,19),(1535,'Distress Signal Unit',0,0,20),(1536,'Distress Signal Unit',0,0,21),(1537,'Distress Signal Unit',0,0,22),(1538,'Distress Signal Unit',0,0,23),(1539,'Distress Signal Unit',0,0,24),(1540,'Distress Signal Unit',0,0,25),(1541,'Distress Signal Unit',0,0,26),(1542,'Distress Signal Unit',0,0,27),(1543,'Distress Signal Unit',0,0,28),(1544,'ESS',0,0,17),(1545,'ESS',0,0,18),(1546,'ESS',0,0,19),(1547,'ESS',0,0,20),(1548,'ESS',0,0,21),(1549,'ESS',0,0,22),(1550,'ESS',0,0,23),(1551,'ESS',0,0,24),(1552,'ESS',0,0,25),(1553,'ESS',0,0,26),(1554,'ESS',0,0,27),(1555,'ESS',0,0,28),(1556,'Ukuran 1.5\"',0,0,17),(1557,'Ukuran 1.5\"',0,0,18),(1558,'Ukuran 1.5\"',0,0,19),(1559,'Ukuran 1.5\"',0,0,20),(1560,'Ukuran 1.5\"',0,0,21),(1561,'Ukuran 1.5\"',0,0,22),(1562,'Ukuran 1.5\"',0,0,23),(1563,'Ukuran 1.5\"',0,0,24),(1564,'Ukuran 1.5\"',0,0,25),(1565,'Ukuran 1.5\"',0,0,26),(1566,'Ukuran 1.5\"',0,0,27),(1567,'Ukuran 1.5\"',0,0,28),(1568,'Ukuran 2.5\"',0,0,17),(1569,'Ukuran 2.5\"',0,0,18),(1570,'Ukuran 2.5\"',0,0,19),(1571,'Ukuran 2.5\"',0,0,20),(1572,'Ukuran 2.5\"',0,0,21),(1573,'Ukuran 2.5\"',0,0,22),(1574,'Ukuran 2.5\"',0,0,23),(1575,'Ukuran 2.5\"',0,0,24),(1576,'Ukuran 2.5\"',0,0,25),(1577,'Ukuran 2.5\"',0,0,26),(1578,'Ukuran 2.5\"',0,0,27),(1579,'Ukuran 2.5\"',0,0,28),(1580,'Ukuran 4\"',0,0,17),(1581,'Ukuran 4\"',0,0,18),(1582,'Ukuran 4\"',0,0,19),(1583,'Ukuran 4\"',0,0,20),(1584,'Ukuran 4\"',0,0,21),(1585,'Ukuran 4\"',0,0,22),(1586,'Ukuran 4\"',0,0,23),(1587,'Ukuran 4\"',0,0,24),(1588,'Ukuran 4\"',0,0,25),(1589,'Ukuran 4\"',0,0,26),(1590,'Ukuran 4\"',0,0,27),(1591,'Ukuran 4\"',0,0,28),(1592,'Selang 10m + Kopling VDH ke Draf Alat Ukur 2.5\"',0,0,17),(1593,'Selang 10m + Kopling VDH ke Draf Alat Ukur 2.5\"',0,0,18),(1594,'Selang 10m + Kopling VDH ke Draf Alat Ukur 2.5\"',0,0,19),(1595,'Selang 10m + Kopling VDH ke Draf Alat Ukur 2.5\"',0,0,20),(1596,'Selang 10m + Kopling VDH ke Draf Alat Ukur 2.5\"',0,0,21),(1597,'Selang 10m + Kopling VDH ke Draf Alat Ukur 2.5\"',0,0,22),(1598,'Selang 10m + Kopling VDH ke Draf Alat Ukur 2.5\"',0,0,23),(1599,'Selang 10m + Kopling VDH ke Draf Alat Ukur 2.5\"',0,0,24),(1600,'Selang 10m + Kopling VDH ke Draf Alat Ukur 2.5\"',0,0,25),(1601,'Selang 10m + Kopling VDH ke Draf Alat Ukur 2.5\"',0,0,26),(1602,'Selang 10m + Kopling VDH ke Draf Alat Ukur 2.5\"',0,0,27),(1603,'Selang 10m + Kopling VDH ke Draf Alat Ukur 2.5\"',0,0,28),(1604,'Selang 10m + Kopling VDH ke Draf Alat Ukur 1.5\"',0,0,17),(1605,'Selang 10m + Kopling VDH ke Draf Alat Ukur 1.5\"',0,0,18),(1606,'Selang 10m + Kopling VDH ke Draf Alat Ukur 1.5\"',0,0,19),(1607,'Selang 10m + Kopling VDH ke Draf Alat Ukur 1.5\"',0,0,20),(1608,'Selang 10m + Kopling VDH ke Draf Alat Ukur 1.5\"',0,0,21),(1609,'Selang 10m + Kopling VDH ke Draf Alat Ukur 1.5\"',0,0,22),(1610,'Selang 10m + Kopling VDH ke Draf Alat Ukur 1.5\"',0,0,23),(1611,'Selang 10m + Kopling VDH ke Draf Alat Ukur 1.5\"',0,0,24),(1612,'Selang 10m + Kopling VDH ke Draf Alat Ukur 1.5\"',0,0,25),(1613,'Selang 10m + Kopling VDH ke Draf Alat Ukur 1.5\"',0,0,26),(1614,'Selang 10m + Kopling VDH ke Draf Alat Ukur 1.5\"',0,0,27),(1615,'Selang 10m + Kopling VDH ke Draf Alat Ukur 1.5\"',0,0,28),(1616,'Selang 20m + Kopling VDH 2.5\"',0,0,17),(1617,'Selang 20m + Kopling VDH 2.5\"',0,0,18),(1618,'Selang 20m + Kopling VDH 2.5\"',0,0,19),(1619,'Selang 20m + Kopling VDH 2.5\"',0,0,20),(1620,'Selang 20m + Kopling VDH 2.5\"',0,0,21),(1621,'Selang 20m + Kopling VDH 2.5\"',0,0,22),(1622,'Selang 20m + Kopling VDH 2.5\"',0,0,23),(1623,'Selang 20m + Kopling VDH 2.5\"',0,0,24),(1624,'Selang 20m + Kopling VDH 2.5\"',0,0,25),(1625,'Selang 20m + Kopling VDH 2.5\"',0,0,26),(1626,'Selang 20m + Kopling VDH 2.5\"',0,0,27),(1627,'Selang 20m + Kopling VDH 2.5\"',0,0,28),(1628,'Gun Nozzle 2.5\"',0,0,17),(1629,'Gun Nozzle 2.5\"',0,0,18),(1630,'Gun Nozzle 2.5\"',0,0,19),(1631,'Gun Nozzle 2.5\"',0,0,20),(1632,'Gun Nozzle 2.5\"',0,0,21),(1633,'Gun Nozzle 2.5\"',0,0,22),(1634,'Gun Nozzle 2.5\"',0,0,23),(1635,'Gun Nozzle 2.5\"',0,0,24),(1636,'Gun Nozzle 2.5\"',0,0,25),(1637,'Gun Nozzle 2.5\"',0,0,26),(1638,'Gun Nozzle 2.5\"',0,0,27),(1639,'Gun Nozzle 2.5\"',0,0,28),(1640,'Gun Nozzle 1.5\"',0,0,17),(1641,'Gun Nozzle 1.5\"',0,0,18),(1642,'Gun Nozzle 1.5\"',0,0,19),(1643,'Gun Nozzle 1.5\"',0,0,20),(1644,'Gun Nozzle 1.5\"',0,0,21),(1645,'Gun Nozzle 1.5\"',0,0,22),(1646,'Gun Nozzle 1.5\"',0,0,23),(1647,'Gun Nozzle 1.5\"',0,0,24),(1648,'Gun Nozzle 1.5\"',0,0,25),(1649,'Gun Nozzle 1.5\"',0,0,26),(1650,'Gun Nozzle 1.5\"',0,0,27),(1651,'Gun Nozzle 1.5\"',0,0,28),(1652,'Nozzle Variable',0,0,17),(1653,'Nozzle Variable',0,0,18),(1654,'Nozzle Variable',0,0,19),(1655,'Nozzle Variable',0,0,20),(1656,'Nozzle Variable',0,0,21),(1657,'Nozzle Variable',0,0,22),(1658,'Nozzle Variable',0,0,23),(1659,'Nozzle Variable',0,0,24),(1660,'Nozzle Variable',0,0,25),(1661,'Nozzle Variable',0,0,26),(1662,'Nozzle Variable',0,0,27),(1663,'Nozzle Variable',0,0,28),(1664,'Nozzle Monitor',0,0,17),(1665,'Nozzle Monitor',0,0,18),(1666,'Nozzle Monitor',0,0,19),(1667,'Nozzle Monitor',0,0,20),(1668,'Nozzle Monitor',0,0,21),(1669,'Nozzle Monitor',0,0,22),(1670,'Nozzle Monitor',0,0,23),(1671,'Nozzle Monitor',0,0,24),(1672,'Nozzle Monitor',0,0,25),(1673,'Nozzle Monitor',0,0,26),(1674,'Nozzle Monitor',0,0,27),(1675,'Nozzle Monitor',0,0,28),(1676,'Nozzle Foam 2.5\"',0,0,17),(1677,'Nozzle Foam 2.5\"',0,0,18),(1678,'Nozzle Foam 2.5\"',0,0,19),(1679,'Nozzle Foam 2.5\"',0,0,20),(1680,'Nozzle Foam 2.5\"',0,0,21),(1681,'Nozzle Foam 2.5\"',0,0,22),(1682,'Nozzle Foam 2.5\"',0,0,23),(1683,'Nozzle Foam 2.5\"',0,0,24),(1684,'Nozzle Foam 2.5\"',0,0,25),(1685,'Nozzle Foam 2.5\"',0,0,26),(1686,'Nozzle Foam 2.5\"',0,0,27),(1687,'Nozzle Foam 2.5\"',0,0,28),(1688,'Nozzle Foam 1.5\"',0,0,17),(1689,'Nozzle Foam 1.5\"',0,0,18),(1690,'Nozzle Foam 1.5\"',0,0,19),(1691,'Nozzle Foam 1.5\"',0,0,20),(1692,'Nozzle Foam 1.5\"',0,0,21),(1693,'Nozzle Foam 1.5\"',0,0,22),(1694,'Nozzle Foam 1.5\"',0,0,23),(1695,'Nozzle Foam 1.5\"',0,0,24),(1696,'Nozzle Foam 1.5\"',0,0,25),(1697,'Nozzle Foam 1.5\"',0,0,26),(1698,'Nozzle Foam 1.5\"',0,0,27),(1699,'Nozzle Foam 1.5\"',0,0,28),(1700,'Yone Variable Nozzle',0,0,17),(1701,'Yone Variable Nozzle',0,0,18),(1702,'Yone Variable Nozzle',0,0,19),(1703,'Yone Variable Nozzle',0,0,20),(1704,'Yone Variable Nozzle',0,0,21),(1705,'Yone Variable Nozzle',0,0,22),(1706,'Yone Variable Nozzle',0,0,23),(1707,'Yone Variable Nozzle',0,0,24),(1708,'Yone Variable Nozzle',0,0,25),(1709,'Yone Variable Nozzle',0,0,26),(1710,'Yone Variable Nozzle',0,0,27),(1711,'Yone Variable Nozzle',0,0,28),(1712,'Contain Flow Adjustable Nozzle',0,0,17),(1713,'Contain Flow Adjustable Nozzle',0,0,18),(1714,'Contain Flow Adjustable Nozzle',0,0,19),(1715,'Contain Flow Adjustable Nozzle',0,0,20),(1716,'Contain Flow Adjustable Nozzle',0,0,21),(1717,'Contain Flow Adjustable Nozzle',0,0,22),(1718,'Contain Flow Adjustable Nozzle',0,0,23),(1719,'Contain Flow Adjustable Nozzle',0,0,24),(1720,'Contain Flow Adjustable Nozzle',0,0,25),(1721,'Contain Flow Adjustable Nozzle',0,0,26),(1722,'Contain Flow Adjustable Nozzle',0,0,27),(1723,'Contain Flow Adjustable Nozzle',0,0,28),(1724,'Percing Nozzle',0,0,17),(1725,'Percing Nozzle',0,0,18),(1726,'Percing Nozzle',0,0,19),(1727,'Percing Nozzle',0,0,20),(1728,'Percing Nozzle',0,0,21),(1729,'Percing Nozzle',0,0,22),(1730,'Percing Nozzle',0,0,23),(1731,'Percing Nozzle',0,0,24),(1732,'Percing Nozzle',0,0,25),(1733,'Percing Nozzle',0,0,26),(1734,'Percing Nozzle',0,0,27),(1735,'Percing Nozzle',0,0,28),(1736,'Oscilating Ground Monitor',0,0,17),(1737,'Oscilating Ground Monitor',0,0,18),(1738,'Oscilating Ground Monitor',0,0,19),(1739,'Oscilating Ground Monitor',0,0,20),(1740,'Oscilating Ground Monitor',0,0,21),(1741,'Oscilating Ground Monitor',0,0,22),(1742,'Oscilating Ground Monitor',0,0,23),(1743,'Oscilating Ground Monitor',0,0,24),(1744,'Oscilating Ground Monitor',0,0,25),(1745,'Oscilating Ground Monitor',0,0,26),(1746,'Oscilating Ground Monitor',0,0,27),(1747,'Oscilating Ground Monitor',0,0,28),(1748,'Pistol Grip Multipurpose Inlet 2.5\"',0,0,17),(1749,'Pistol Grip Multipurpose Inlet 2.5\"',0,0,18),(1750,'Pistol Grip Multipurpose Inlet 2.5\"',0,0,19),(1751,'Pistol Grip Multipurpose Inlet 2.5\"',0,0,20),(1752,'Pistol Grip Multipurpose Inlet 2.5\"',0,0,21),(1753,'Pistol Grip Multipurpose Inlet 2.5\"',0,0,22),(1754,'Pistol Grip Multipurpose Inlet 2.5\"',0,0,23),(1755,'Pistol Grip Multipurpose Inlet 2.5\"',0,0,24),(1756,'Pistol Grip Multipurpose Inlet 2.5\"',0,0,25),(1757,'Pistol Grip Multipurpose Inlet 2.5\"',0,0,26),(1758,'Pistol Grip Multipurpose Inlet 2.5\"',0,0,27),(1759,'Pistol Grip Multipurpose Inlet 2.5\"',0,0,28),(1760,'Ukuran 2.5\" - 2.5\"',0,0,17),(1761,'Ukuran 2.5\" - 2.5\"',0,0,18),(1762,'Ukuran 2.5\" - 2.5\"',0,0,19),(1763,'Ukuran 2.5\" - 2.5\"',0,0,20),(1764,'Ukuran 2.5\" - 2.5\"',0,0,21),(1765,'Ukuran 2.5\" - 2.5\"',0,0,22),(1766,'Ukuran 2.5\" - 2.5\"',0,0,23),(1767,'Ukuran 2.5\" - 2.5\"',0,0,24),(1768,'Ukuran 2.5\" - 2.5\"',0,0,25),(1769,'Ukuran 2.5\" - 2.5\"',0,0,26),(1770,'Ukuran 2.5\" - 2.5\"',0,0,27),(1771,'Ukuran 2.5\" - 2.5\"',0,0,28),(1772,'Ukuran 2.5\" - 1.5\"',0,0,17),(1773,'Ukuran 2.5\" - 1.5\"',0,0,18),(1774,'Ukuran 2.5\" - 1.5\"',0,0,19),(1775,'Ukuran 2.5\" - 1.5\"',0,0,20),(1776,'Ukuran 2.5\" - 1.5\"',0,0,21),(1777,'Ukuran 2.5\" - 1.5\"',0,0,22),(1778,'Ukuran 2.5\" - 1.5\"',0,0,23),(1779,'Ukuran 2.5\" - 1.5\"',0,0,24),(1780,'Ukuran 2.5\" - 1.5\"',0,0,25),(1781,'Ukuran 2.5\" - 1.5\"',0,0,26),(1782,'Ukuran 2.5\" - 1.5\"',0,0,27),(1783,'Ukuran 2.5\" - 1.5\"',0,0,28),(1784,'Ukuran 1.5\" - 1.5\"',0,0,17),(1785,'Ukuran 1.5\" - 1.5\"',0,0,18),(1786,'Ukuran 1.5\" - 1.5\"',0,0,19),(1787,'Ukuran 1.5\" - 1.5\"',0,0,20),(1788,'Ukuran 1.5\" - 1.5\"',0,0,21),(1789,'Ukuran 1.5\" - 1.5\"',0,0,22),(1790,'Ukuran 1.5\" - 1.5\"',0,0,23),(1791,'Ukuran 1.5\" - 1.5\"',0,0,24),(1792,'Ukuran 1.5\" - 1.5\"',0,0,25),(1793,'Ukuran 1.5\" - 1.5\"',0,0,26),(1794,'Ukuran 1.5\" - 1.5\"',0,0,27),(1795,'Ukuran 1.5\" - 1.5\"',0,0,28),(1796,'Ukuran 4\" - 1.5\"',0,0,17),(1797,'Ukuran 4\" - 1.5\"',0,0,18),(1798,'Ukuran 4\" - 1.5\"',0,0,19),(1799,'Ukuran 4\" - 1.5\"',0,0,20),(1800,'Ukuran 4\" - 1.5\"',0,0,21),(1801,'Ukuran 4\" - 1.5\"',0,0,22),(1802,'Ukuran 4\" - 1.5\"',0,0,23),(1803,'Ukuran 4\" - 1.5\"',0,0,24),(1804,'Ukuran 4\" - 1.5\"',0,0,25),(1805,'Ukuran 4\" - 1.5\"',0,0,26),(1806,'Ukuran 4\" - 1.5\"',0,0,27),(1807,'Ukuran 4\" - 1.5\"',0,0,28),(1808,'Adaptor Kopling 2.5\"',0,0,17),(1809,'Adaptor Kopling 2.5\"',0,0,18),(1810,'Adaptor Kopling 2.5\"',0,0,19),(1811,'Adaptor Kopling 2.5\"',0,0,20),(1812,'Adaptor Kopling 2.5\"',0,0,21),(1813,'Adaptor Kopling 2.5\"',0,0,22),(1814,'Adaptor Kopling 2.5\"',0,0,23),(1815,'Adaptor Kopling 2.5\"',0,0,24),(1816,'Adaptor Kopling 2.5\"',0,0,25),(1817,'Adaptor Kopling 2.5\"',0,0,26),(1818,'Adaptor Kopling 2.5\"',0,0,27),(1819,'Adaptor Kopling 2.5\"',0,0,28),(1820,'Adaptor Kopling 2.5\"-1.5\"',0,0,17),(1821,'Adaptor Kopling 2.5\"-1.5\"',0,0,18),(1822,'Adaptor Kopling 2.5\"-1.5\"',0,0,19),(1823,'Adaptor Kopling 2.5\"-1.5\"',0,0,20),(1824,'Adaptor Kopling 2.5\"-1.5\"',0,0,21),(1825,'Adaptor Kopling 2.5\"-1.5\"',0,0,22),(1826,'Adaptor Kopling 2.5\"-1.5\"',0,0,23),(1827,'Adaptor Kopling 2.5\"-1.5\"',0,0,24),(1828,'Adaptor Kopling 2.5\"-1.5\"',0,0,25),(1829,'Adaptor Kopling 2.5\"-1.5\"',0,0,26),(1830,'Adaptor Kopling 2.5\"-1.5\"',0,0,27),(1831,'Adaptor Kopling 2.5\"-1.5\"',0,0,28),(1832,'Foam Enductor/Adaptor Foam',0,0,17),(1833,'Foam Enductor/Adaptor Foam',0,0,18),(1834,'Foam Enductor/Adaptor Foam',0,0,19),(1835,'Foam Enductor/Adaptor Foam',0,0,20),(1836,'Foam Enductor/Adaptor Foam',0,0,21),(1837,'Foam Enductor/Adaptor Foam',0,0,22),(1838,'Foam Enductor/Adaptor Foam',0,0,23),(1839,'Foam Enductor/Adaptor Foam',0,0,24),(1840,'Foam Enductor/Adaptor Foam',0,0,25),(1841,'Foam Enductor/Adaptor Foam',0,0,26),(1842,'Foam Enductor/Adaptor Foam',0,0,27),(1843,'Foam Enductor/Adaptor Foam',0,0,28),(1844,'Adaptor Machino 1.5\" ke 2.5\"',0,0,17),(1845,'Adaptor Machino 1.5\" ke 2.5\"',0,0,18),(1846,'Adaptor Machino 1.5\" ke 2.5\"',0,0,19),(1847,'Adaptor Machino 1.5\" ke 2.5\"',0,0,20),(1848,'Adaptor Machino 1.5\" ke 2.5\"',0,0,21),(1849,'Adaptor Machino 1.5\" ke 2.5\"',0,0,22),(1850,'Adaptor Machino 1.5\" ke 2.5\"',0,0,23),(1851,'Adaptor Machino 1.5\" ke 2.5\"',0,0,24),(1852,'Adaptor Machino 1.5\" ke 2.5\"',0,0,25),(1853,'Adaptor Machino 1.5\" ke 2.5\"',0,0,26),(1854,'Adaptor Machino 1.5\" ke 2.5\"',0,0,27),(1855,'Adaptor Machino 1.5\" ke 2.5\"',0,0,28),(1856,'Adaptor VDH ke Draf',0,0,17),(1857,'Adaptor VDH ke Draf',0,0,18),(1858,'Adaptor VDH ke Draf',0,0,19),(1859,'Adaptor VDH ke Draf',0,0,20),(1860,'Adaptor VDH ke Draf',0,0,21),(1861,'Adaptor VDH ke Draf',0,0,22),(1862,'Adaptor VDH ke Draf',0,0,23),(1863,'Adaptor VDH ke Draf',0,0,24),(1864,'Adaptor VDH ke Draf',0,0,25),(1865,'Adaptor VDH ke Draf',0,0,26),(1866,'Adaptor VDH ke Draf',0,0,27),(1867,'Adaptor VDH ke Draf',0,0,28),(1868,'Adaptor Machino ke Draf Female',0,0,17),(1869,'Adaptor Machino ke Draf Female',0,0,18),(1870,'Adaptor Machino ke Draf Female',0,0,19),(1871,'Adaptor Machino ke Draf Female',0,0,20),(1872,'Adaptor Machino ke Draf Female',0,0,21),(1873,'Adaptor Machino ke Draf Female',0,0,22),(1874,'Adaptor Machino ke Draf Female',0,0,23),(1875,'Adaptor Machino ke Draf Female',0,0,24),(1876,'Adaptor Machino ke Draf Female',0,0,25),(1877,'Adaptor Machino ke Draf Female',0,0,26),(1878,'Adaptor Machino ke Draf Female',0,0,27),(1879,'Adaptor Machino ke Draf Female',0,0,28),(1880,'Tabung Besi',0,0,17),(1881,'Tabung Besi',0,0,18),(1882,'Tabung Besi',0,0,19),(1883,'Tabung Besi',0,0,20),(1884,'Tabung Besi',0,0,21),(1885,'Tabung Besi',0,0,22),(1886,'Tabung Besi',0,0,23),(1887,'Tabung Besi',0,0,24),(1888,'Tabung Besi',0,0,25),(1889,'Tabung Besi',0,0,26),(1890,'Tabung Besi',0,0,27),(1891,'Tabung Besi',0,0,28),(1892,'Semi Composite',0,0,17),(1893,'Semi Composite',0,0,18),(1894,'Semi Composite',0,0,19),(1895,'Semi Composite',0,0,20),(1896,'Semi Composite',0,0,21),(1897,'Semi Composite',0,0,22),(1898,'Semi Composite',0,0,23),(1899,'Semi Composite',0,0,24),(1900,'Semi Composite',0,0,25),(1901,'Semi Composite',0,0,26),(1902,'Semi Composite',0,0,27),(1903,'Semi Composite',0,0,28),(1904,'Drager PSS 7000',0,0,17),(1905,'Drager PSS 7000',0,0,18),(1906,'Drager PSS 7000',0,0,19),(1907,'Drager PSS 7000',0,0,20),(1908,'Drager PSS 7000',0,0,21),(1909,'Drager PSS 7000',0,0,22),(1910,'Drager PSS 7000',0,0,23),(1911,'Drager PSS 7000',0,0,24),(1912,'Drager PSS 7000',0,0,25),(1913,'Drager PSS 7000',0,0,26),(1914,'Drager PSS 7000',0,0,27),(1915,'Drager PSS 7000',0,0,28),(1916,'Drager PSS 5000',0,0,17),(1917,'Drager PSS 5000',0,0,18),(1918,'Drager PSS 5000',0,0,19),(1919,'Drager PSS 5000',0,0,20),(1920,'Drager PSS 5000',0,0,21),(1921,'Drager PSS 5000',0,0,22),(1922,'Drager PSS 5000',0,0,23),(1923,'Drager PSS 5000',0,0,24),(1924,'Drager PSS 5000',0,0,25),(1925,'Drager PSS 5000',0,0,26),(1926,'Drager PSS 5000',0,0,27),(1927,'Drager PSS 5000',0,0,28),(1928,'DPI Sekur Diablo Piz',0,0,17),(1929,'DPI Sekur Diablo Piz',0,0,18),(1930,'DPI Sekur Diablo Piz',0,0,19),(1931,'DPI Sekur Diablo Piz',0,0,20),(1932,'DPI Sekur Diablo Piz',0,0,21),(1933,'DPI Sekur Diablo Piz',0,0,22),(1934,'DPI Sekur Diablo Piz',0,0,23),(1935,'DPI Sekur Diablo Piz',0,0,24),(1936,'DPI Sekur Diablo Piz',0,0,25),(1937,'DPI Sekur Diablo Piz',0,0,26),(1938,'DPI Sekur Diablo Piz',0,0,27),(1939,'DPI Sekur Diablo Piz',0,0,28),(1940,'Mid Size Compact Breathing Apparatus',0,0,17),(1941,'Mid Size Compact Breathing Apparatus',0,0,18),(1942,'Mid Size Compact Breathing Apparatus',0,0,19),(1943,'Mid Size Compact Breathing Apparatus',0,0,20),(1944,'Mid Size Compact Breathing Apparatus',0,0,21),(1945,'Mid Size Compact Breathing Apparatus',0,0,22),(1946,'Mid Size Compact Breathing Apparatus',0,0,23),(1947,'Mid Size Compact Breathing Apparatus',0,0,24),(1948,'Mid Size Compact Breathing Apparatus',0,0,25),(1949,'Mid Size Compact Breathing Apparatus',0,0,26),(1950,'Mid Size Compact Breathing Apparatus',0,0,27),(1951,'Mid Size Compact Breathing Apparatus',0,0,28),(1952,'Ukuran 3.5 Kg',0,0,17),(1953,'Ukuran 3.5 Kg',0,0,18),(1954,'Ukuran 3.5 Kg',0,0,19),(1955,'Ukuran 3.5 Kg',0,0,20),(1956,'Ukuran 3.5 Kg',0,0,21),(1957,'Ukuran 3.5 Kg',0,0,22),(1958,'Ukuran 3.5 Kg',0,0,23),(1959,'Ukuran 3.5 Kg',0,0,24),(1960,'Ukuran 3.5 Kg',0,0,25),(1961,'Ukuran 3.5 Kg',0,0,26),(1962,'Ukuran 3.5 Kg',0,0,27),(1963,'Ukuran 3.5 Kg',0,0,28),(1964,'Ukuran 4.5 Kg',0,0,17),(1965,'Ukuran 4.5 Kg',0,0,18),(1966,'Ukuran 4.5 Kg',0,0,19),(1967,'Ukuran 4.5 Kg',0,0,20),(1968,'Ukuran 4.5 Kg',0,0,21),(1969,'Ukuran 4.5 Kg',0,0,22),(1970,'Ukuran 4.5 Kg',0,0,23),(1971,'Ukuran 4.5 Kg',0,0,24),(1972,'Ukuran 4.5 Kg',0,0,25),(1973,'Ukuran 4.5 Kg',0,0,26),(1974,'Ukuran 4.5 Kg',0,0,27),(1975,'Ukuran 4.5 Kg',0,0,28),(1976,'Ukuran 6 Kg',0,0,17),(1977,'Ukuran 6 Kg',0,0,18),(1978,'Ukuran 6 Kg',0,0,19),(1979,'Ukuran 6 Kg',0,0,20),(1980,'Ukuran 6 Kg',0,0,21),(1981,'Ukuran 6 Kg',0,0,22),(1982,'Ukuran 6 Kg',0,0,23),(1983,'Ukuran 6 Kg',0,0,24),(1984,'Ukuran 6 Kg',0,0,25),(1985,'Ukuran 6 Kg',0,0,26),(1986,'Ukuran 6 Kg',0,0,27),(1987,'Ukuran 6 Kg',0,0,28),(1988,'Rabbit',0,0,17),(1989,'Rabbit',0,0,18),(1990,'Rabbit',0,0,19),(1991,'Rabbit',0,0,20),(1992,'Rabbit',0,0,21),(1993,'Rabbit',0,0,22),(1994,'Rabbit',0,0,23),(1995,'Rabbit',0,0,24),(1996,'Rabbit',0,0,25),(1997,'Rabbit',0,0,26),(1998,'Rabbit',0,0,27),(1999,'Rabbit',0,0,28),(2000,'Tohatsu',0,0,17),(2001,'Tohatsu',0,0,18),(2002,'Tohatsu',0,0,19),(2003,'Tohatsu',0,0,20),(2004,'Tohatsu',0,0,21),(2005,'Tohatsu',0,0,22),(2006,'Tohatsu',0,0,23),(2007,'Tohatsu',0,0,24),(2008,'Tohatsu',0,0,25),(2009,'Tohatsu',0,0,26),(2010,'Tohatsu',0,0,27),(2011,'Tohatsu',0,0,28),(2012,'Waterous',0,0,17),(2013,'Waterous',0,0,18),(2014,'Waterous',0,0,19),(2015,'Waterous',0,0,20),(2016,'Waterous',0,0,21),(2017,'Waterous',0,0,22),(2018,'Waterous',0,0,23),(2019,'Waterous',0,0,24),(2020,'Waterous',0,0,25),(2021,'Waterous',0,0,26),(2022,'Waterous',0,0,27),(2023,'Waterous',0,0,28),(2024,'IFEX Trolley 35 Liter',0,0,17),(2025,'IFEX Trolley 35 Liter',0,0,18),(2026,'IFEX Trolley 35 Liter',0,0,19),(2027,'IFEX Trolley 35 Liter',0,0,20),(2028,'IFEX Trolley 35 Liter',0,0,21),(2029,'IFEX Trolley 35 Liter',0,0,22),(2030,'IFEX Trolley 35 Liter',0,0,23),(2031,'IFEX Trolley 35 Liter',0,0,24),(2032,'IFEX Trolley 35 Liter',0,0,25),(2033,'IFEX Trolley 35 Liter',0,0,26),(2034,'IFEX Trolley 35 Liter',0,0,27),(2035,'IFEX Trolley 35 Liter',0,0,28),(2036,'High Pressure Rapid Skid (IFEX)',0,0,17),(2037,'High Pressure Rapid Skid (IFEX)',0,0,18),(2038,'High Pressure Rapid Skid (IFEX)',0,0,19),(2039,'High Pressure Rapid Skid (IFEX)',0,0,20),(2040,'High Pressure Rapid Skid (IFEX)',0,0,21),(2041,'High Pressure Rapid Skid (IFEX)',0,0,22),(2042,'High Pressure Rapid Skid (IFEX)',0,0,23),(2043,'High Pressure Rapid Skid (IFEX)',0,0,24),(2044,'High Pressure Rapid Skid (IFEX)',0,0,25),(2045,'High Pressure Rapid Skid (IFEX)',0,0,26),(2046,'High Pressure Rapid Skid (IFEX)',0,0,27),(2047,'High Pressure Rapid Skid (IFEX)',0,0,28),(2048,'Air Foam Backpack',0,0,17),(2049,'Air Foam Backpack',0,0,18),(2050,'Air Foam Backpack',0,0,19),(2051,'Air Foam Backpack',0,0,20),(2052,'Air Foam Backpack',0,0,21),(2053,'Air Foam Backpack',0,0,22),(2054,'Air Foam Backpack',0,0,23),(2055,'Air Foam Backpack',0,0,24),(2056,'Air Foam Backpack',0,0,25),(2057,'Air Foam Backpack',0,0,26),(2058,'Air Foam Backpack',0,0,27),(2059,'Air Foam Backpack',0,0,28),(2060,'IFEX 3000',0,0,17),(2061,'IFEX 3000',0,0,18),(2062,'IFEX 3000',0,0,19),(2063,'IFEX 3000',0,0,20),(2064,'IFEX 3000',0,0,21),(2065,'IFEX 3000',0,0,22),(2066,'IFEX 3000',0,0,23),(2067,'IFEX 3000',0,0,24),(2068,'IFEX 3000',0,0,25),(2069,'IFEX 3000',0,0,26),(2070,'IFEX 3000',0,0,27),(2071,'IFEX 3000',0,0,28),(2072,'Nozzle IFEX 3001',0,0,17),(2073,'Nozzle IFEX 3001',0,0,18),(2074,'Nozzle IFEX 3001',0,0,19),(2075,'Nozzle IFEX 3001',0,0,20),(2076,'Nozzle IFEX 3001',0,0,21),(2077,'Nozzle IFEX 3001',0,0,22),(2078,'Nozzle IFEX 3001',0,0,23),(2079,'Nozzle IFEX 3001',0,0,24),(2080,'Nozzle IFEX 3001',0,0,25),(2081,'Nozzle IFEX 3001',0,0,26),(2082,'Nozzle IFEX 3001',0,0,27),(2083,'Nozzle IFEX 3001',0,0,28),(2084,'Portable Watermist Extinguisher (AFT)',0,0,17),(2085,'Portable Watermist Extinguisher (AFT)',0,0,18),(2086,'Portable Watermist Extinguisher (AFT)',0,0,19),(2087,'Portable Watermist Extinguisher (AFT)',0,0,20),(2088,'Portable Watermist Extinguisher (AFT)',0,0,21),(2089,'Portable Watermist Extinguisher (AFT)',0,0,22),(2090,'Portable Watermist Extinguisher (AFT)',0,0,23),(2091,'Portable Watermist Extinguisher (AFT)',0,0,24),(2092,'Portable Watermist Extinguisher (AFT)',0,0,25),(2093,'Portable Watermist Extinguisher (AFT)',0,0,26),(2094,'Portable Watermist Extinguisher (AFT)',0,0,27),(2095,'Portable Watermist Extinguisher (AFT)',0,0,28),(2096,'Motor Apung',0,0,17),(2097,'Motor Apung',0,0,18),(2098,'Motor Apung',0,0,19),(2099,'Motor Apung',0,0,20),(2100,'Motor Apung',0,0,21),(2101,'Motor Apung',0,0,22),(2102,'Motor Apung',0,0,23),(2103,'Motor Apung',0,0,24),(2104,'Motor Apung',0,0,25),(2105,'Motor Apung',0,0,26),(2106,'Motor Apung',0,0,27),(2107,'Motor Apung',0,0,28),(2108,'Typol',0,0,17),(2109,'Typol',0,0,18),(2110,'Typol',0,0,19),(2111,'Typol',0,0,20),(2112,'Typol',0,0,21),(2113,'Typol',0,0,22),(2114,'Typol',0,0,23),(2115,'Typol',0,0,24),(2116,'Typol',0,0,25),(2117,'Typol',0,0,26),(2118,'Typol',0,0,27),(2119,'Typol',0,0,28),(2120,'Cone Pengaman/Kerucut Pengaman',0,0,17),(2121,'Cone Pengaman/Kerucut Pengaman',0,0,18),(2122,'Cone Pengaman/Kerucut Pengaman',0,0,19),(2123,'Cone Pengaman/Kerucut Pengaman',0,0,20),(2124,'Cone Pengaman/Kerucut Pengaman',0,0,21),(2125,'Cone Pengaman/Kerucut Pengaman',0,0,22),(2126,'Cone Pengaman/Kerucut Pengaman',0,0,23),(2127,'Cone Pengaman/Kerucut Pengaman',0,0,24),(2128,'Cone Pengaman/Kerucut Pengaman',0,0,25),(2129,'Cone Pengaman/Kerucut Pengaman',0,0,26),(2130,'Cone Pengaman/Kerucut Pengaman',0,0,27),(2131,'Cone Pengaman/Kerucut Pengaman',0,0,28),(2132,'Sekop Lipat',0,0,17),(2133,'Sekop Lipat',0,0,18),(2134,'Sekop Lipat',0,0,19),(2135,'Sekop Lipat',0,0,20),(2136,'Sekop Lipat',0,0,21),(2137,'Sekop Lipat',0,0,22),(2138,'Sekop Lipat',0,0,23),(2139,'Sekop Lipat',0,0,24),(2140,'Sekop Lipat',0,0,25),(2141,'Sekop Lipat',0,0,26),(2142,'Sekop Lipat',0,0,27),(2143,'Sekop Lipat',0,0,28),(2144,'Sekop Besar',0,0,17),(2145,'Sekop Besar',0,0,18),(2146,'Sekop Besar',0,0,19),(2147,'Sekop Besar',0,0,20),(2148,'Sekop Besar',0,0,21),(2149,'Sekop Besar',0,0,22),(2150,'Sekop Besar',0,0,23),(2151,'Sekop Besar',0,0,24),(2152,'Sekop Besar',0,0,25),(2153,'Sekop Besar',0,0,26),(2154,'Sekop Besar',0,0,27),(2155,'Sekop Besar',0,0,28),(2156,'Linggis',0,0,17),(2157,'Linggis',0,0,18),(2158,'Linggis',0,0,19),(2159,'Linggis',0,0,20),(2160,'Linggis',0,0,21),(2161,'Linggis',0,0,22),(2162,'Linggis',0,0,23),(2163,'Linggis',0,0,24),(2164,'Linggis',0,0,25),(2165,'Linggis',0,0,26),(2166,'Linggis',0,0,27),(2167,'Linggis',0,0,28),(2168,'Saringan Rotan Selang Hisap',0,0,17),(2169,'Saringan Rotan Selang Hisap',0,0,18),(2170,'Saringan Rotan Selang Hisap',0,0,19),(2171,'Saringan Rotan Selang Hisap',0,0,20),(2172,'Saringan Rotan Selang Hisap',0,0,21),(2173,'Saringan Rotan Selang Hisap',0,0,22),(2174,'Saringan Rotan Selang Hisap',0,0,23),(2175,'Saringan Rotan Selang Hisap',0,0,24),(2176,'Saringan Rotan Selang Hisap',0,0,25),(2177,'Saringan Rotan Selang Hisap',0,0,26),(2178,'Saringan Rotan Selang Hisap',0,0,27),(2179,'Saringan Rotan Selang Hisap',0,0,28),(2180,'Garpu Pacul',0,0,17),(2181,'Garpu Pacul',0,0,18),(2182,'Garpu Pacul',0,0,19),(2183,'Garpu Pacul',0,0,20),(2184,'Garpu Pacul',0,0,21),(2185,'Garpu Pacul',0,0,22),(2186,'Garpu Pacul',0,0,23),(2187,'Garpu Pacul',0,0,24),(2188,'Garpu Pacul',0,0,25),(2189,'Garpu Pacul',0,0,26),(2190,'Garpu Pacul',0,0,27),(2191,'Garpu Pacul',0,0,28),(2192,'Belecong',0,0,17),(2193,'Belecong',0,0,18),(2194,'Belecong',0,0,19),(2195,'Belecong',0,0,20),(2196,'Belecong',0,0,21),(2197,'Belecong',0,0,22),(2198,'Belecong',0,0,23),(2199,'Belecong',0,0,24),(2200,'Belecong',0,0,25),(2201,'Belecong',0,0,26),(2202,'Belecong',0,0,27),(2203,'Belecong',0,0,28),(2216,'Balok Lalulintas',0,0,17),(2217,'Balok Lalulintas',0,0,18),(2218,'Balok Lalulintas',0,0,19),(2219,'Balok Lalulintas',0,0,20),(2220,'Balok Lalulintas',0,0,21),(2221,'Balok Lalulintas',0,0,22),(2222,'Balok Lalulintas',0,0,23),(2223,'Balok Lalulintas',0,0,24),(2224,'Balok Lalulintas',0,0,25),(2225,'Balok Lalulintas',0,0,26),(2226,'Balok Lalulintas',0,0,27),(2227,'Balok Lalulintas',0,0,28),(2228,'Pitot',0,0,17),(2229,'Pitot',0,0,18),(2230,'Pitot',0,0,19),(2231,'Pitot',0,0,20),(2232,'Pitot',0,0,21),(2233,'Pitot',0,0,22),(2234,'Pitot',0,0,23),(2235,'Pitot',0,0,24),(2236,'Pitot',0,0,25),(2237,'Pitot',0,0,26),(2238,'Pitot',0,0,27),(2239,'Pitot',0,0,28),(2240,'Penambal Selang Bocor',0,0,17),(2241,'Penambal Selang Bocor',0,0,18),(2242,'Penambal Selang Bocor',0,0,19),(2243,'Penambal Selang Bocor',0,0,20),(2244,'Penambal Selang Bocor',0,0,21),(2245,'Penambal Selang Bocor',0,0,22),(2246,'Penambal Selang Bocor',0,0,23),(2247,'Penambal Selang Bocor',0,0,24),(2248,'Penambal Selang Bocor',0,0,25),(2249,'Penambal Selang Bocor',0,0,26),(2250,'Penambal Selang Bocor',0,0,27),(2251,'Penambal Selang Bocor',0,0,28),(2252,'Foam Aeration Tubes Uk. 2.5\"',0,0,17),(2253,'Foam Aeration Tubes Uk. 2.5\"',0,0,18),(2254,'Foam Aeration Tubes Uk. 2.5\"',0,0,19),(2255,'Foam Aeration Tubes Uk. 2.5\"',0,0,20),(2256,'Foam Aeration Tubes Uk. 2.5\"',0,0,21),(2257,'Foam Aeration Tubes Uk. 2.5\"',0,0,22),(2258,'Foam Aeration Tubes Uk. 2.5\"',0,0,23),(2259,'Foam Aeration Tubes Uk. 2.5\"',0,0,24),(2260,'Foam Aeration Tubes Uk. 2.5\"',0,0,25),(2261,'Foam Aeration Tubes Uk. 2.5\"',0,0,26),(2262,'Foam Aeration Tubes Uk. 2.5\"',0,0,27),(2263,'Foam Aeration Tubes Uk. 2.5\"',0,0,28),(2264,'Foam Aeration Tubes Uk. 1.5\"',0,0,17),(2265,'Foam Aeration Tubes Uk. 1.5\"',0,0,18),(2266,'Foam Aeration Tubes Uk. 1.5\"',0,0,19),(2267,'Foam Aeration Tubes Uk. 1.5\"',0,0,20),(2268,'Foam Aeration Tubes Uk. 1.5\"',0,0,21),(2269,'Foam Aeration Tubes Uk. 1.5\"',0,0,22),(2270,'Foam Aeration Tubes Uk. 1.5\"',0,0,23),(2271,'Foam Aeration Tubes Uk. 1.5\"',0,0,24),(2272,'Foam Aeration Tubes Uk. 1.5\"',0,0,25),(2273,'Foam Aeration Tubes Uk. 1.5\"',0,0,26),(2274,'Foam Aeration Tubes Uk. 1.5\"',0,0,27),(2275,'Foam Aeration Tubes Uk. 1.5\"',0,0,28),(2276,'Tangga',0,0,17),(2277,'Tangga',0,0,18),(2278,'Tangga',0,0,19),(2279,'Tangga',0,0,20),(2280,'Tangga',0,0,21),(2281,'Tangga',0,0,22),(2282,'Tangga',0,0,23),(2283,'Tangga',0,0,24),(2284,'Tangga',0,0,25),(2285,'Tangga',0,0,26),(2286,'Tangga',0,0,27),(2287,'Tangga',0,0,28);
/*!40000 ALTER TABLE `jenis` ENABLE KEYS */;
UNLOCK TABLES;

--
-- Table structure for table `kategori`
--

DROP TABLE IF EXISTS `kategori`;
/*!40101 SET @saved_cs_client     = @@character_set_client */;
/*!40101 SET character_set_client = utf8 */;
CREATE TABLE `kategori` (
  `id` bigint(20) NOT NULL AUTO_INCREMENT,
  `nama` varchar(150) NOT NULL,
  `menu` bigint(20) DEFAULT NULL,
  PRIMARY KEY (`id`),
  UNIQUE KEY `nama` (`nama`)
) ENGINE=InnoDB AUTO_INCREMENT=15 DEFAULT CHARSET=utf8mb4;
/*!40101 SET character_set_client = @saved_cs_client */;

--
-- Dumping data for table `kategori`
--

LOCK TABLES `kategori` WRITE;
/*!40000 ALTER TABLE `kategori` DISABLE KEYS */;
INSERT INTO `kategori` VALUES (1,'Alat Pelindung Diri (APD) / Personal Safety Gear',1),(2,'Penyelamatan / Rescue Equipment',1),(12,'Peralatan Operasional',1),(13,'Inventory',1);
/*!40000 ALTER TABLE `kategori` ENABLE KEYS */;
UNLOCK TABLES;

--
-- Table structure for table `login`
--

DROP TABLE IF EXISTS `login`;
/*!40101 SET @saved_cs_client     = @@character_set_client */;
/*!40101 SET character_set_client = utf8 */;
CREATE TABLE `login` (
  `username` varchar(50) NOT NULL,
  `password` varchar(50) NOT NULL,
  `role` int(11) NOT NULL,
  `sektor` int(11) DEFAULT NULL,
  PRIMARY KEY (`username`)
) ENGINE=InnoDB DEFAULT CHARSET=utf8mb4;
/*!40101 SET character_set_client = @saved_cs_client */;

--
-- Dumping data for table `login`
--

LOCK TABLES `login` WRITE;
/*!40000 ALTER TABLE `login` DISABLE KEYS */;
INSERT INTO `login` VALUES ('Bonjer','123456',3,21),('Cengkareng','123456',3,23),('Dalmat','123456',3,26),('Gropet','123456',3,17),('Kalideres','123456',3,24),('kasie','kasie',1,NULL),('kasudin','kasudin',2,NULL),('Kembangan','123456',3,22),('Kepegawaian','123456',3,28),('Palmerah','123456',3,18),('Pencegahan','123456',3,25),('Sarana','123456',3,27),('super','super',0,NULL),('Tamansari','123456',3,20),('Tambora','123456',3,19);
/*!40000 ALTER TABLE `login` ENABLE KEYS */;
UNLOCK TABLES;

--
-- Table structure for table `nondetail_barang`
--

DROP TABLE IF EXISTS `nondetail_barang`;
/*!40101 SET @saved_cs_client     = @@character_set_client */;
/*!40101 SET character_set_client = utf8 */;
CREATE TABLE `nondetail_barang` (
  `id` varchar(255) NOT NULL,
  `jenis` bigint(20) NOT NULL
) ENGINE=InnoDB DEFAULT CHARSET=utf8mb4;
/*!40101 SET character_set_client = @saved_cs_client */;

--
-- Dumping data for table `nondetail_barang`
--

LOCK TABLES `nondetail_barang` WRITE;
/*!40000 ALTER TABLE `nondetail_barang` DISABLE KEYS */;
INSERT INTO `nondetail_barang` VALUES ('Rak Besi',9),('Filling Cabinet',10),('Papan Pengumuman',11),('Lemari Arsip',12),('Lemari Pakaian',12),('Meja Kerja',13),('Meja Rapat',13),('Meja Makan',13),('Kursi Kerja',14),('Kursi Rapat',14),('Bangku Tunggu',14),('Locker 3 Pintu',15),('Locker 2 Pintu',15),('Sofa',16),('Tempat Tidur Kayu Lengkap',17),('Matras',17),('Rak Arsip',9),('Rak Barang',9),('Tenda Peleton',60),('Tenda Sangga',60),('Lori Dorong/Trolly',61),('Tangga Alumunium',62),('AC Split',18),('AC Central',18),('Kulkas',19),('Televisi LED',20),('Kompor Gas',21),('Overhead Projector/OHP',22),('Layar LCD Projector',23),('Dispenser',24),('Steam Cleaner',25),('CCTV',26),('Portable Sound System',27),('Megaphone',28),('Microphone/Wireless Mic',48),('Microphone Table Stand',49),('Facsimile',63),('Alat Penghancur Kertas',64),('Orgen/Elekton',66),('Vacuum Cleaner',67),('Camera',68),('Dry Sterilizer',69),('Power Amplifier',70),('PC Unit',29),('Printer',30),('Notebook',31),('Scanner',32),('Router',33),('Monitor Display',71),('Pompa Airasil',35),('Pompa Centrifugal dan Kelengkapannya',35),('Mesin Absensi',36),('Hatsudenki',72),('Honda EQ7600EX',72),('Generator',72),('Air Compressor',74),('Compresor High Pressure Drager DE 500 VE',74),('Compresor High Pressure Komba C100',74),('Compresor High Pressure Scott',74),('Compressor SCBA',74),('Compresor High Pressure Drager Mariner FAD 200E',74),('Compresor High Pressure 340 BAR',74),('Hidran Kebakaran',73),('Tandon Air',37),('Tangki Air',38),('Telephone/PABX',39),('Radio Komunikasi UHF',40),('Repeater Portable UHF',41),('Housing, Cabling, Jumper 5',42),('Transceiver, Receiver, Controller, Battery',43),('Duplexer',44),('Antena',45),('Battery Backup 1 Jam',46),('Lodestar TFC 3000U',47),('Radio Komunikasi UHF Rig',40),('Radio Trunking',75),('Radio Trunking Rig',75),('Las Listrik',53),('Las Potong',53),('Air Impact Wrench',50),('Dongkrak Hidrolik',51),('Tool Kit Set',52),('Mesin Bor Tangan',54),('Tang Ampere Meter',55),('Tracker/Puller',56),('Stationery Water Pump',57),('Kunci Moment',58),('Tachometer',59);
/*!40000 ALTER TABLE `nondetail_barang` ENABLE KEYS */;
UNLOCK TABLES;

--
-- Table structure for table `nonjenis`
--

DROP TABLE IF EXISTS `nonjenis`;
/*!40101 SET @saved_cs_client     = @@character_set_client */;
/*!40101 SET character_set_client = utf8 */;
CREATE TABLE `nonjenis` (
  `id` bigint(20) NOT NULL AUTO_INCREMENT,
  `nama` varchar(255) NOT NULL,
  `baik` bigint(20) NOT NULL,
  `rusak` bigint(20) NOT NULL,
  `sektor` bigint(20) NOT NULL,
  PRIMARY KEY (`id`)
) ENGINE=InnoDB AUTO_INCREMENT=1198 DEFAULT CHARSET=utf8mb4;
/*!40101 SET character_set_client = @saved_cs_client */;

--
-- Dumping data for table `nonjenis`
--

LOCK TABLES `nonjenis` WRITE;
/*!40000 ALTER TABLE `nonjenis` DISABLE KEYS */;
INSERT INTO `nonjenis` VALUES (118,'jenis 1 detail 1',0,0,17),(119,'jenis 1 detail 1',0,0,18),(120,'jenis 1 detail 1',0,0,19),(121,'jenis 1 detail 1',0,0,20),(122,'jenis 1 detail 1',0,0,21),(123,'jenis 1 detail 1',0,0,22),(124,'jenis 1 detail 1',0,0,23),(125,'jenis 1 detail 1',0,0,24),(126,'jenis 1 detail 1',0,0,25),(127,'jenis 1 detail 1',0,0,26),(128,'jenis 1 detail 1',0,0,27),(129,'jenis 1 detail 1',0,0,28),(130,'non op jenis 1 detail 1',0,0,17),(131,'non op jenis 1 detail 1',0,0,18),(132,'non op jenis 1 detail 1',0,0,19),(133,'non op jenis 1 detail 1',0,0,20),(134,'non op jenis 1 detail 1',0,0,21),(135,'non op jenis 1 detail 1',0,0,22),(136,'non op jenis 1 detail 1',0,0,23),(137,'non op jenis 1 detail 1',0,0,24),(138,'non op jenis 1 detail 1',0,0,25),(139,'non op jenis 1 detail 1',0,0,26),(140,'non op jenis 1 detail 1',0,0,27),(141,'non op jenis 1 detail 1',0,0,28),(142,'Rak Besi',0,0,17),(143,'Rak Besi',0,0,18),(144,'Rak Besi',0,0,19),(145,'Rak Besi',0,0,20),(146,'Rak Besi',0,0,21),(147,'Rak Besi',0,0,22),(148,'Rak Besi',0,0,23),(149,'Rak Besi',0,0,24),(150,'Rak Besi',0,0,25),(151,'Rak Besi',0,0,26),(152,'Rak Besi',0,0,27),(153,'Rak Besi',0,0,28),(154,'Filling Cabinet',0,0,17),(155,'Filling Cabinet',0,0,18),(156,'Filling Cabinet',0,0,19),(157,'Filling Cabinet',0,0,20),(158,'Filling Cabinet',0,0,21),(159,'Filling Cabinet',0,0,22),(160,'Filling Cabinet',0,0,23),(161,'Filling Cabinet',0,0,24),(162,'Filling Cabinet',0,0,25),(163,'Filling Cabinet',0,0,26),(164,'Filling Cabinet',0,0,27),(165,'Filling Cabinet',0,0,28),(166,'Papan Pengumuman',0,0,17),(167,'Papan Pengumuman',0,0,18),(168,'Papan Pengumuman',0,0,19),(169,'Papan Pengumuman',0,0,20),(170,'Papan Pengumuman',0,0,21),(171,'Papan Pengumuman',0,0,22),(172,'Papan Pengumuman',0,0,23),(173,'Papan Pengumuman',0,0,24),(174,'Papan Pengumuman',0,0,25),(175,'Papan Pengumuman',0,0,26),(176,'Papan Pengumuman',0,0,27),(177,'Papan Pengumuman',0,0,28),(178,'Lemari Arsip',0,0,17),(179,'Lemari Arsip',0,0,18),(180,'Lemari Arsip',0,0,19),(181,'Lemari Arsip',0,0,20),(182,'Lemari Arsip',0,0,21),(183,'Lemari Arsip',0,0,22),(184,'Lemari Arsip',0,0,23),(185,'Lemari Arsip',0,0,24),(186,'Lemari Arsip',0,0,25),(187,'Lemari Arsip',0,0,26),(188,'Lemari Arsip',0,0,27),(189,'Lemari Arsip',0,0,28),(190,'Lemari Pakaian',0,0,17),(191,'Lemari Pakaian',0,0,18),(192,'Lemari Pakaian',0,0,19),(193,'Lemari Pakaian',0,0,20),(194,'Lemari Pakaian',0,0,21),(195,'Lemari Pakaian',0,0,22),(196,'Lemari Pakaian',0,0,23),(197,'Lemari Pakaian',0,0,24),(198,'Lemari Pakaian',0,0,25),(199,'Lemari Pakaian',0,0,26),(200,'Lemari Pakaian',0,0,27),(201,'Lemari Pakaian',0,0,28),(202,'Meja Kerja',0,0,17),(203,'Meja Kerja',0,0,18),(204,'Meja Kerja',0,0,19),(205,'Meja Kerja',0,0,20),(206,'Meja Kerja',0,0,21),(207,'Meja Kerja',0,0,22),(208,'Meja Kerja',0,0,23),(209,'Meja Kerja',0,0,24),(210,'Meja Kerja',0,0,25),(211,'Meja Kerja',0,0,26),(212,'Meja Kerja',0,0,27),(213,'Meja Kerja',0,0,28),(214,'Meja Rapat',0,0,17),(215,'Meja Rapat',0,0,18),(216,'Meja Rapat',0,0,19),(217,'Meja Rapat',0,0,20),(218,'Meja Rapat',0,0,21),(219,'Meja Rapat',0,0,22),(220,'Meja Rapat',0,0,23),(221,'Meja Rapat',0,0,24),(222,'Meja Rapat',0,0,25),(223,'Meja Rapat',0,0,26),(224,'Meja Rapat',0,0,27),(225,'Meja Rapat',0,0,28),(226,'Meja Makan',0,0,17),(227,'Meja Makan',0,0,18),(228,'Meja Makan',0,0,19),(229,'Meja Makan',0,0,20),(230,'Meja Makan',0,0,21),(231,'Meja Makan',0,0,22),(232,'Meja Makan',0,0,23),(233,'Meja Makan',0,0,24),(234,'Meja Makan',0,0,25),(235,'Meja Makan',0,0,26),(236,'Meja Makan',0,0,27),(237,'Meja Makan',0,0,28),(238,'Kursi Kerja',0,0,17),(239,'Kursi Kerja',0,0,18),(240,'Kursi Kerja',0,0,19),(241,'Kursi Kerja',0,0,20),(242,'Kursi Kerja',0,0,21),(243,'Kursi Kerja',0,0,22),(244,'Kursi Kerja',0,0,23),(245,'Kursi Kerja',0,0,24),(246,'Kursi Kerja',0,0,25),(247,'Kursi Kerja',0,0,26),(248,'Kursi Kerja',0,0,27),(249,'Kursi Kerja',0,0,28),(250,'Kursi Rapat',0,0,17),(251,'Kursi Rapat',0,0,18),(252,'Kursi Rapat',0,0,19),(253,'Kursi Rapat',0,0,20),(254,'Kursi Rapat',0,0,21),(255,'Kursi Rapat',0,0,22),(256,'Kursi Rapat',0,0,23),(257,'Kursi Rapat',0,0,24),(258,'Kursi Rapat',0,0,25),(259,'Kursi Rapat',0,0,26),(260,'Kursi Rapat',0,0,27),(261,'Kursi Rapat',0,0,28),(262,'Bangku Tunggu',0,0,17),(263,'Bangku Tunggu',0,0,18),(264,'Bangku Tunggu',0,0,19),(265,'Bangku Tunggu',0,0,20),(266,'Bangku Tunggu',0,0,21),(267,'Bangku Tunggu',0,0,22),(268,'Bangku Tunggu',0,0,23),(269,'Bangku Tunggu',0,0,24),(270,'Bangku Tunggu',0,0,25),(271,'Bangku Tunggu',0,0,26),(272,'Bangku Tunggu',0,0,27),(273,'Bangku Tunggu',0,0,28),(274,'Locker 3 Pintu',0,0,17),(275,'Locker 3 Pintu',0,0,18),(276,'Locker 3 Pintu',0,0,19),(277,'Locker 3 Pintu',0,0,20),(278,'Locker 3 Pintu',0,0,21),(279,'Locker 3 Pintu',0,0,22),(280,'Locker 3 Pintu',0,0,23),(281,'Locker 3 Pintu',0,0,24),(282,'Locker 3 Pintu',0,0,25),(283,'Locker 3 Pintu',0,0,26),(284,'Locker 3 Pintu',0,0,27),(285,'Locker 3 Pintu',0,0,28),(286,'Locker 2 Pintu',0,0,17),(287,'Locker 2 Pintu',0,0,18),(288,'Locker 2 Pintu',0,0,19),(289,'Locker 2 Pintu',0,0,20),(290,'Locker 2 Pintu',0,0,21),(291,'Locker 2 Pintu',0,0,22),(292,'Locker 2 Pintu',0,0,23),(293,'Locker 2 Pintu',0,0,24),(294,'Locker 2 Pintu',0,0,25),(295,'Locker 2 Pintu',0,0,26),(296,'Locker 2 Pintu',0,0,27),(297,'Locker 2 Pintu',0,0,28),(298,'Sofa',0,0,17),(299,'Sofa',0,0,18),(300,'Sofa',0,0,19),(301,'Sofa',0,0,20),(302,'Sofa',0,0,21),(303,'Sofa',0,0,22),(304,'Sofa',0,0,23),(305,'Sofa',0,0,24),(306,'Sofa',0,0,25),(307,'Sofa',0,0,26),(308,'Sofa',0,0,27),(309,'Sofa',0,0,28),(310,'Tempat Tidur Kayu Lengkap',0,0,17),(311,'Tempat Tidur Kayu Lengkap',0,0,18),(312,'Tempat Tidur Kayu Lengkap',0,0,19),(313,'Tempat Tidur Kayu Lengkap',0,0,20),(314,'Tempat Tidur Kayu Lengkap',0,0,21),(315,'Tempat Tidur Kayu Lengkap',0,0,22),(316,'Tempat Tidur Kayu Lengkap',0,0,23),(317,'Tempat Tidur Kayu Lengkap',0,0,24),(318,'Tempat Tidur Kayu Lengkap',0,0,25),(319,'Tempat Tidur Kayu Lengkap',0,0,26),(320,'Tempat Tidur Kayu Lengkap',0,0,27),(321,'Tempat Tidur Kayu Lengkap',0,0,28),(322,'Matras',0,0,17),(323,'Matras',0,0,18),(324,'Matras',0,0,19),(325,'Matras',0,0,20),(326,'Matras',0,0,21),(327,'Matras',0,0,22),(328,'Matras',0,0,23),(329,'Matras',0,0,24),(330,'Matras',0,0,25),(331,'Matras',0,0,26),(332,'Matras',0,0,27),(333,'Matras',0,0,28),(334,'Rak Arsip',0,0,17),(335,'Rak Arsip',0,0,18),(336,'Rak Arsip',0,0,19),(337,'Rak Arsip',0,0,20),(338,'Rak Arsip',0,0,21),(339,'Rak Arsip',0,0,22),(340,'Rak Arsip',0,0,23),(341,'Rak Arsip',0,0,24),(342,'Rak Arsip',0,0,25),(343,'Rak Arsip',0,0,26),(344,'Rak Arsip',0,0,27),(345,'Rak Arsip',0,0,28),(346,'Rak Barang',0,0,17),(347,'Rak Barang',0,0,18),(348,'Rak Barang',0,0,19),(349,'Rak Barang',0,0,20),(350,'Rak Barang',0,0,21),(351,'Rak Barang',0,0,22),(352,'Rak Barang',0,0,23),(353,'Rak Barang',0,0,24),(354,'Rak Barang',0,0,25),(355,'Rak Barang',0,0,26),(356,'Rak Barang',0,0,27),(357,'Rak Barang',0,0,28),(358,'Tenda Peleton',0,0,17),(359,'Tenda Peleton',0,0,18),(360,'Tenda Peleton',0,0,19),(361,'Tenda Peleton',0,0,20),(362,'Tenda Peleton',0,0,21),(363,'Tenda Peleton',0,0,22),(364,'Tenda Peleton',0,0,23),(365,'Tenda Peleton',0,0,24),(366,'Tenda Peleton',0,0,25),(367,'Tenda Peleton',0,0,26),(368,'Tenda Peleton',0,0,27),(369,'Tenda Peleton',0,0,28),(370,'Tenda Sangga',0,0,17),(371,'Tenda Sangga',0,0,18),(372,'Tenda Sangga',0,0,19),(373,'Tenda Sangga',0,0,20),(374,'Tenda Sangga',0,0,21),(375,'Tenda Sangga',0,0,22),(376,'Tenda Sangga',0,0,23),(377,'Tenda Sangga',0,0,24),(378,'Tenda Sangga',0,0,25),(379,'Tenda Sangga',0,0,26),(380,'Tenda Sangga',0,0,27),(381,'Tenda Sangga',0,0,28),(382,'Lori Dorong/Trolly',0,0,17),(383,'Lori Dorong/Trolly',0,0,18),(384,'Lori Dorong/Trolly',0,0,19),(385,'Lori Dorong/Trolly',0,0,20),(386,'Lori Dorong/Trolly',0,0,21),(387,'Lori Dorong/Trolly',0,0,22),(388,'Lori Dorong/Trolly',0,0,23),(389,'Lori Dorong/Trolly',0,0,24),(390,'Lori Dorong/Trolly',0,0,25),(391,'Lori Dorong/Trolly',0,0,26),(392,'Lori Dorong/Trolly',0,0,27),(393,'Lori Dorong/Trolly',0,0,28),(394,'Tangga Alumunium',0,0,17),(395,'Tangga Alumunium',0,0,18),(396,'Tangga Alumunium',0,0,19),(397,'Tangga Alumunium',0,0,20),(398,'Tangga Alumunium',0,0,21),(399,'Tangga Alumunium',0,0,22),(400,'Tangga Alumunium',0,0,23),(401,'Tangga Alumunium',0,0,24),(402,'Tangga Alumunium',0,0,25),(403,'Tangga Alumunium',0,0,26),(404,'Tangga Alumunium',0,0,27),(405,'Tangga Alumunium',0,0,28),(406,'AC Split',0,0,17),(407,'AC Split',0,0,18),(408,'AC Split',0,0,19),(409,'AC Split',0,0,20),(410,'AC Split',0,0,21),(411,'AC Split',0,0,22),(412,'AC Split',0,0,23),(413,'AC Split',0,0,24),(414,'AC Split',0,0,25),(415,'AC Split',0,0,26),(416,'AC Split',0,0,27),(417,'AC Split',0,0,28),(418,'AC Central',0,0,17),(419,'AC Central',0,0,18),(420,'AC Central',0,0,19),(421,'AC Central',0,0,20),(422,'AC Central',0,0,21),(423,'AC Central',0,0,22),(424,'AC Central',0,0,23),(425,'AC Central',0,0,24),(426,'AC Central',0,0,25),(427,'AC Central',0,0,26),(428,'AC Central',0,0,27),(429,'AC Central',0,0,28),(430,'Kulkas',0,0,17),(431,'Kulkas',0,0,18),(432,'Kulkas',0,0,19),(433,'Kulkas',0,0,20),(434,'Kulkas',0,0,21),(435,'Kulkas',0,0,22),(436,'Kulkas',0,0,23),(437,'Kulkas',0,0,24),(438,'Kulkas',0,0,25),(439,'Kulkas',0,0,26),(440,'Kulkas',0,0,27),(441,'Kulkas',0,0,28),(442,'Televisi LED',0,0,17),(443,'Televisi LED',0,0,18),(444,'Televisi LED',0,0,19),(445,'Televisi LED',0,0,20),(446,'Televisi LED',0,0,21),(447,'Televisi LED',0,0,22),(448,'Televisi LED',0,0,23),(449,'Televisi LED',0,0,24),(450,'Televisi LED',0,0,25),(451,'Televisi LED',0,0,26),(452,'Televisi LED',0,0,27),(453,'Televisi LED',0,0,28),(454,'Kompor Gas',0,0,17),(455,'Kompor Gas',0,0,18),(456,'Kompor Gas',0,0,19),(457,'Kompor Gas',0,0,20),(458,'Kompor Gas',0,0,21),(459,'Kompor Gas',0,0,22),(460,'Kompor Gas',0,0,23),(461,'Kompor Gas',0,0,24),(462,'Kompor Gas',0,0,25),(463,'Kompor Gas',0,0,26),(464,'Kompor Gas',0,0,27),(465,'Kompor Gas',0,0,28),(466,'Overhead Projector/OHP',0,0,17),(467,'Overhead Projector/OHP',0,0,18),(468,'Overhead Projector/OHP',0,0,19),(469,'Overhead Projector/OHP',0,0,20),(470,'Overhead Projector/OHP',0,0,21),(471,'Overhead Projector/OHP',0,0,22),(472,'Overhead Projector/OHP',0,0,23),(473,'Overhead Projector/OHP',0,0,24),(474,'Overhead Projector/OHP',0,0,25),(475,'Overhead Projector/OHP',0,0,26),(476,'Overhead Projector/OHP',0,0,27),(477,'Overhead Projector/OHP',0,0,28),(478,'Layar LCD Projector',0,0,17),(479,'Layar LCD Projector',0,0,18),(480,'Layar LCD Projector',0,0,19),(481,'Layar LCD Projector',0,0,20),(482,'Layar LCD Projector',0,0,21),(483,'Layar LCD Projector',0,0,22),(484,'Layar LCD Projector',0,0,23),(485,'Layar LCD Projector',0,0,24),(486,'Layar LCD Projector',0,0,25),(487,'Layar LCD Projector',0,0,26),(488,'Layar LCD Projector',0,0,27),(489,'Layar LCD Projector',0,0,28),(490,'Dispenser',0,0,17),(491,'Dispenser',0,0,18),(492,'Dispenser',0,0,19),(493,'Dispenser',0,0,20),(494,'Dispenser',0,0,21),(495,'Dispenser',0,0,22),(496,'Dispenser',0,0,23),(497,'Dispenser',0,0,24),(498,'Dispenser',0,0,25),(499,'Dispenser',0,0,26),(500,'Dispenser',0,0,27),(501,'Dispenser',0,0,28),(502,'Steam Cleaner',0,0,17),(503,'Steam Cleaner',0,0,18),(504,'Steam Cleaner',0,0,19),(505,'Steam Cleaner',0,0,20),(506,'Steam Cleaner',0,0,21),(507,'Steam Cleaner',0,0,22),(508,'Steam Cleaner',0,0,23),(509,'Steam Cleaner',0,0,24),(510,'Steam Cleaner',0,0,25),(511,'Steam Cleaner',0,0,26),(512,'Steam Cleaner',0,0,27),(513,'Steam Cleaner',0,0,28),(514,'CCTV',0,0,17),(515,'CCTV',0,0,18),(516,'CCTV',0,0,19),(517,'CCTV',0,0,20),(518,'CCTV',0,0,21),(519,'CCTV',0,0,22),(520,'CCTV',0,0,23),(521,'CCTV',0,0,24),(522,'CCTV',0,0,25),(523,'CCTV',0,0,26),(524,'CCTV',0,0,27),(525,'CCTV',0,0,28),(526,'Portable Sound System',0,0,17),(527,'Portable Sound System',0,0,18),(528,'Portable Sound System',0,0,19),(529,'Portable Sound System',0,0,20),(530,'Portable Sound System',0,0,21),(531,'Portable Sound System',0,0,22),(532,'Portable Sound System',0,0,23),(533,'Portable Sound System',0,0,24),(534,'Portable Sound System',0,0,25),(535,'Portable Sound System',0,0,26),(536,'Portable Sound System',0,0,27),(537,'Portable Sound System',0,0,28),(538,'Megaphone',0,0,17),(539,'Megaphone',0,0,18),(540,'Megaphone',0,0,19),(541,'Megaphone',0,0,20),(542,'Megaphone',0,0,21),(543,'Megaphone',0,0,22),(544,'Megaphone',0,0,23),(545,'Megaphone',0,0,24),(546,'Megaphone',0,0,25),(547,'Megaphone',0,0,26),(548,'Megaphone',0,0,27),(549,'Megaphone',0,0,28),(550,'Microphone/Wireless Mic',0,0,17),(551,'Microphone/Wireless Mic',0,0,18),(552,'Microphone/Wireless Mic',0,0,19),(553,'Microphone/Wireless Mic',0,0,20),(554,'Microphone/Wireless Mic',0,0,21),(555,'Microphone/Wireless Mic',0,0,22),(556,'Microphone/Wireless Mic',0,0,23),(557,'Microphone/Wireless Mic',0,0,24),(558,'Microphone/Wireless Mic',0,0,25),(559,'Microphone/Wireless Mic',0,0,26),(560,'Microphone/Wireless Mic',0,0,27),(561,'Microphone/Wireless Mic',0,0,28),(562,'Microphone Table Stand',0,0,17),(563,'Microphone Table Stand',0,0,18),(564,'Microphone Table Stand',0,0,19),(565,'Microphone Table Stand',0,0,20),(566,'Microphone Table Stand',0,0,21),(567,'Microphone Table Stand',0,0,22),(568,'Microphone Table Stand',0,0,23),(569,'Microphone Table Stand',0,0,24),(570,'Microphone Table Stand',0,0,25),(571,'Microphone Table Stand',0,0,26),(572,'Microphone Table Stand',0,0,27),(573,'Microphone Table Stand',0,0,28),(574,'Facsimile',0,0,17),(575,'Facsimile',0,0,18),(576,'Facsimile',0,0,19),(577,'Facsimile',0,0,20),(578,'Facsimile',0,0,21),(579,'Facsimile',0,0,22),(580,'Facsimile',0,0,23),(581,'Facsimile',0,0,24),(582,'Facsimile',0,0,25),(583,'Facsimile',0,0,26),(584,'Facsimile',0,0,27),(585,'Facsimile',0,0,28),(586,'Alat Penghancur Kertas',0,0,17),(587,'Alat Penghancur Kertas',0,0,18),(588,'Alat Penghancur Kertas',0,0,19),(589,'Alat Penghancur Kertas',0,0,20),(590,'Alat Penghancur Kertas',0,0,21),(591,'Alat Penghancur Kertas',0,0,22),(592,'Alat Penghancur Kertas',0,0,23),(593,'Alat Penghancur Kertas',0,0,24),(594,'Alat Penghancur Kertas',0,0,25),(595,'Alat Penghancur Kertas',0,0,26),(596,'Alat Penghancur Kertas',0,0,27),(597,'Alat Penghancur Kertas',0,0,28),(598,'Orgen/Elekton',0,0,17),(599,'Orgen/Elekton',0,0,18),(600,'Orgen/Elekton',0,0,19),(601,'Orgen/Elekton',0,0,20),(602,'Orgen/Elekton',0,0,21),(603,'Orgen/Elekton',0,0,22),(604,'Orgen/Elekton',0,0,23),(605,'Orgen/Elekton',0,0,24),(606,'Orgen/Elekton',0,0,25),(607,'Orgen/Elekton',0,0,26),(608,'Orgen/Elekton',0,0,27),(609,'Orgen/Elekton',0,0,28),(610,'Vacuum Cleaner',0,0,17),(611,'Vacuum Cleaner',0,0,18),(612,'Vacuum Cleaner',0,0,19),(613,'Vacuum Cleaner',0,0,20),(614,'Vacuum Cleaner',0,0,21),(615,'Vacuum Cleaner',0,0,22),(616,'Vacuum Cleaner',0,0,23),(617,'Vacuum Cleaner',0,0,24),(618,'Vacuum Cleaner',0,0,25),(619,'Vacuum Cleaner',0,0,26),(620,'Vacuum Cleaner',0,0,27),(621,'Vacuum Cleaner',0,0,28),(622,'Camera',0,0,17),(623,'Camera',0,0,18),(624,'Camera',0,0,19),(625,'Camera',0,0,20),(626,'Camera',0,0,21),(627,'Camera',0,0,22),(628,'Camera',0,0,23),(629,'Camera',0,0,24),(630,'Camera',0,0,25),(631,'Camera',0,0,26),(632,'Camera',0,0,27),(633,'Camera',0,0,28),(634,'Dry Sterilizer',0,0,17),(635,'Dry Sterilizer',0,0,18),(636,'Dry Sterilizer',0,0,19),(637,'Dry Sterilizer',0,0,20),(638,'Dry Sterilizer',0,0,21),(639,'Dry Sterilizer',0,0,22),(640,'Dry Sterilizer',0,0,23),(641,'Dry Sterilizer',0,0,24),(642,'Dry Sterilizer',0,0,25),(643,'Dry Sterilizer',0,0,26),(644,'Dry Sterilizer',0,0,27),(645,'Dry Sterilizer',0,0,28),(646,'Power Amplifier',0,0,17),(647,'Power Amplifier',0,0,18),(648,'Power Amplifier',0,0,19),(649,'Power Amplifier',0,0,20),(650,'Power Amplifier',0,0,21),(651,'Power Amplifier',0,0,22),(652,'Power Amplifier',0,0,23),(653,'Power Amplifier',0,0,24),(654,'Power Amplifier',0,0,25),(655,'Power Amplifier',0,0,26),(656,'Power Amplifier',0,0,27),(657,'Power Amplifier',0,0,28),(658,'PC Unit',0,0,17),(659,'PC Unit',0,0,18),(660,'PC Unit',0,0,19),(661,'PC Unit',0,0,20),(662,'PC Unit',0,0,21),(663,'PC Unit',0,0,22),(664,'PC Unit',0,0,23),(665,'PC Unit',0,0,24),(666,'PC Unit',0,0,25),(667,'PC Unit',0,0,26),(668,'PC Unit',0,0,27),(669,'PC Unit',0,0,28),(670,'Printer',0,0,17),(671,'Printer',0,0,18),(672,'Printer',0,0,19),(673,'Printer',0,0,20),(674,'Printer',0,0,21),(675,'Printer',0,0,22),(676,'Printer',0,0,23),(677,'Printer',0,0,24),(678,'Printer',0,0,25),(679,'Printer',0,0,26),(680,'Printer',0,0,27),(681,'Printer',0,0,28),(682,'Notebook',0,0,17),(683,'Notebook',0,0,18),(684,'Notebook',0,0,19),(685,'Notebook',0,0,20),(686,'Notebook',0,0,21),(687,'Notebook',0,0,22),(688,'Notebook',0,0,23),(689,'Notebook',0,0,24),(690,'Notebook',0,0,25),(691,'Notebook',0,0,26),(692,'Notebook',0,0,27),(693,'Notebook',0,0,28),(694,'Scanner',0,0,17),(695,'Scanner',0,0,18),(696,'Scanner',0,0,19),(697,'Scanner',0,0,20),(698,'Scanner',0,0,21),(699,'Scanner',0,0,22),(700,'Scanner',0,0,23),(701,'Scanner',0,0,24),(702,'Scanner',0,0,25),(703,'Scanner',0,0,26),(704,'Scanner',0,0,27),(705,'Scanner',0,0,28),(706,'Router',0,0,17),(707,'Router',0,0,18),(708,'Router',0,0,19),(709,'Router',0,0,20),(710,'Router',0,0,21),(711,'Router',0,0,22),(712,'Router',0,0,23),(713,'Router',0,0,24),(714,'Router',0,0,25),(715,'Router',0,0,26),(716,'Router',0,0,27),(717,'Router',0,0,28),(718,'Monitor Display',0,0,17),(719,'Monitor Display',0,0,18),(720,'Monitor Display',0,0,19),(721,'Monitor Display',0,0,20),(722,'Monitor Display',0,0,21),(723,'Monitor Display',0,0,22),(724,'Monitor Display',0,0,23),(725,'Monitor Display',0,0,24),(726,'Monitor Display',0,0,25),(727,'Monitor Display',0,0,26),(728,'Monitor Display',0,0,27),(729,'Monitor Display',0,0,28),(730,'Pompa Airasil',0,0,17),(731,'Pompa Airasil',0,0,18),(732,'Pompa Airasil',0,0,19),(733,'Pompa Airasil',0,0,20),(734,'Pompa Airasil',0,0,21),(735,'Pompa Airasil',0,0,22),(736,'Pompa Airasil',0,0,23),(737,'Pompa Airasil',0,0,24),(738,'Pompa Airasil',0,0,25),(739,'Pompa Airasil',0,0,26),(740,'Pompa Airasil',0,0,27),(741,'Pompa Airasil',0,0,28),(742,'Pompa Centrifugal dan Kelengkapannya',0,0,17),(743,'Pompa Centrifugal dan Kelengkapannya',0,0,18),(744,'Pompa Centrifugal dan Kelengkapannya',0,0,19),(745,'Pompa Centrifugal dan Kelengkapannya',0,0,20),(746,'Pompa Centrifugal dan Kelengkapannya',0,0,21),(747,'Pompa Centrifugal dan Kelengkapannya',0,0,22),(748,'Pompa Centrifugal dan Kelengkapannya',0,0,23),(749,'Pompa Centrifugal dan Kelengkapannya',0,0,24),(750,'Pompa Centrifugal dan Kelengkapannya',0,0,25),(751,'Pompa Centrifugal dan Kelengkapannya',0,0,26),(752,'Pompa Centrifugal dan Kelengkapannya',0,0,27),(753,'Pompa Centrifugal dan Kelengkapannya',0,0,28),(754,'Mesin Absensi',0,0,17),(755,'Mesin Absensi',0,0,18),(756,'Mesin Absensi',0,0,19),(757,'Mesin Absensi',0,0,20),(758,'Mesin Absensi',0,0,21),(759,'Mesin Absensi',0,0,22),(760,'Mesin Absensi',0,0,23),(761,'Mesin Absensi',0,0,24),(762,'Mesin Absensi',0,0,25),(763,'Mesin Absensi',0,0,26),(764,'Mesin Absensi',0,0,27),(765,'Mesin Absensi',0,0,28),(766,'Hatsudenki',0,0,17),(767,'Hatsudenki',0,0,18),(768,'Hatsudenki',0,0,19),(769,'Hatsudenki',0,0,20),(770,'Hatsudenki',0,0,21),(771,'Hatsudenki',0,0,22),(772,'Hatsudenki',0,0,23),(773,'Hatsudenki',0,0,24),(774,'Hatsudenki',0,0,25),(775,'Hatsudenki',0,0,26),(776,'Hatsudenki',0,0,27),(777,'Hatsudenki',0,0,28),(778,'Honda EQ7600EX',0,0,17),(779,'Honda EQ7600EX',0,0,18),(780,'Honda EQ7600EX',0,0,19),(781,'Honda EQ7600EX',0,0,20),(782,'Honda EQ7600EX',0,0,21),(783,'Honda EQ7600EX',0,0,22),(784,'Honda EQ7600EX',0,0,23),(785,'Honda EQ7600EX',0,0,24),(786,'Honda EQ7600EX',0,0,25),(787,'Honda EQ7600EX',0,0,26),(788,'Honda EQ7600EX',0,0,27),(789,'Honda EQ7600EX',0,0,28),(790,'Generator',0,0,17),(791,'Generator',0,0,18),(792,'Generator',0,0,19),(793,'Generator',0,0,20),(794,'Generator',0,0,21),(795,'Generator',0,0,22),(796,'Generator',0,0,23),(797,'Generator',0,0,24),(798,'Generator',0,0,25),(799,'Generator',0,0,26),(800,'Generator',0,0,27),(801,'Generator',0,0,28),(802,'Air Compressor',0,0,17),(803,'Air Compressor',0,0,18),(804,'Air Compressor',0,0,19),(805,'Air Compressor',0,0,20),(806,'Air Compressor',0,0,21),(807,'Air Compressor',0,0,22),(808,'Air Compressor',0,0,23),(809,'Air Compressor',0,0,24),(810,'Air Compressor',0,0,25),(811,'Air Compressor',0,0,26),(812,'Air Compressor',0,0,27),(813,'Air Compressor',0,0,28),(814,'Compresor High Pressure Drager DE 500 VE',0,0,17),(815,'Compresor High Pressure Drager DE 500 VE',0,0,18),(816,'Compresor High Pressure Drager DE 500 VE',0,0,19),(817,'Compresor High Pressure Drager DE 500 VE',0,0,20),(818,'Compresor High Pressure Drager DE 500 VE',0,0,21),(819,'Compresor High Pressure Drager DE 500 VE',0,0,22),(820,'Compresor High Pressure Drager DE 500 VE',0,0,23),(821,'Compresor High Pressure Drager DE 500 VE',0,0,24),(822,'Compresor High Pressure Drager DE 500 VE',0,0,25),(823,'Compresor High Pressure Drager DE 500 VE',0,0,26),(824,'Compresor High Pressure Drager DE 500 VE',0,0,27),(825,'Compresor High Pressure Drager DE 500 VE',0,0,28),(826,'Compresor High Pressure Komba C100',0,0,17),(827,'Compresor High Pressure Komba C100',0,0,18),(828,'Compresor High Pressure Komba C100',0,0,19),(829,'Compresor High Pressure Komba C100',0,0,20),(830,'Compresor High Pressure Komba C100',0,0,21),(831,'Compresor High Pressure Komba C100',0,0,22),(832,'Compresor High Pressure Komba C100',0,0,23),(833,'Compresor High Pressure Komba C100',0,0,24),(834,'Compresor High Pressure Komba C100',0,0,25),(835,'Compresor High Pressure Komba C100',0,0,26),(836,'Compresor High Pressure Komba C100',0,0,27),(837,'Compresor High Pressure Komba C100',0,0,28),(838,'Compresor High Pressure Scott',0,0,17),(839,'Compresor High Pressure Scott',0,0,18),(840,'Compresor High Pressure Scott',0,0,19),(841,'Compresor High Pressure Scott',0,0,20),(842,'Compresor High Pressure Scott',0,0,21),(843,'Compresor High Pressure Scott',0,0,22),(844,'Compresor High Pressure Scott',0,0,23),(845,'Compresor High Pressure Scott',0,0,24),(846,'Compresor High Pressure Scott',0,0,25),(847,'Compresor High Pressure Scott',0,0,26),(848,'Compresor High Pressure Scott',0,0,27),(849,'Compresor High Pressure Scott',0,0,28),(850,'Compressor SCBA',0,0,17),(851,'Compressor SCBA',0,0,18),(852,'Compressor SCBA',0,0,19),(853,'Compressor SCBA',0,0,20),(854,'Compressor SCBA',0,0,21),(855,'Compressor SCBA',0,0,22),(856,'Compressor SCBA',0,0,23),(857,'Compressor SCBA',0,0,24),(858,'Compressor SCBA',0,0,25),(859,'Compressor SCBA',0,0,26),(860,'Compressor SCBA',0,0,27),(861,'Compressor SCBA',0,0,28),(862,'Compresor High Pressure Drager Mariner FAD 200E',0,0,17),(863,'Compresor High Pressure Drager Mariner FAD 200E',0,0,18),(864,'Compresor High Pressure Drager Mariner FAD 200E',0,0,19),(865,'Compresor High Pressure Drager Mariner FAD 200E',0,0,20),(866,'Compresor High Pressure Drager Mariner FAD 200E',0,0,21),(867,'Compresor High Pressure Drager Mariner FAD 200E',0,0,22),(868,'Compresor High Pressure Drager Mariner FAD 200E',0,0,23),(869,'Compresor High Pressure Drager Mariner FAD 200E',0,0,24),(870,'Compresor High Pressure Drager Mariner FAD 200E',0,0,25),(871,'Compresor High Pressure Drager Mariner FAD 200E',0,0,26),(872,'Compresor High Pressure Drager Mariner FAD 200E',0,0,27),(873,'Compresor High Pressure Drager Mariner FAD 200E',0,0,28),(874,'Compresor High Pressure 340 BAR',0,0,17),(875,'Compresor High Pressure 340 BAR',0,0,18),(876,'Compresor High Pressure 340 BAR',0,0,19),(877,'Compresor High Pressure 340 BAR',0,0,20),(878,'Compresor High Pressure 340 BAR',0,0,21),(879,'Compresor High Pressure 340 BAR',0,0,22),(880,'Compresor High Pressure 340 BAR',0,0,23),(881,'Compresor High Pressure 340 BAR',0,0,24),(882,'Compresor High Pressure 340 BAR',0,0,25),(883,'Compresor High Pressure 340 BAR',0,0,26),(884,'Compresor High Pressure 340 BAR',0,0,27),(885,'Compresor High Pressure 340 BAR',0,0,28),(886,'Hidran Kebakaran',0,0,17),(887,'Hidran Kebakaran',0,0,18),(888,'Hidran Kebakaran',0,0,19),(889,'Hidran Kebakaran',0,0,20),(890,'Hidran Kebakaran',0,0,21),(891,'Hidran Kebakaran',0,0,22),(892,'Hidran Kebakaran',0,0,23),(893,'Hidran Kebakaran',0,0,24),(894,'Hidran Kebakaran',0,0,25),(895,'Hidran Kebakaran',0,0,26),(896,'Hidran Kebakaran',0,0,27),(897,'Hidran Kebakaran',0,0,28),(898,'Tandon Air',0,0,17),(899,'Tandon Air',0,0,18),(900,'Tandon Air',0,0,19),(901,'Tandon Air',0,0,20),(902,'Tandon Air',0,0,21),(903,'Tandon Air',0,0,22),(904,'Tandon Air',0,0,23),(905,'Tandon Air',0,0,24),(906,'Tandon Air',0,0,25),(907,'Tandon Air',0,0,26),(908,'Tandon Air',0,0,27),(909,'Tandon Air',0,0,28),(910,'Tangki Air',0,0,17),(911,'Tangki Air',0,0,18),(912,'Tangki Air',0,0,19),(913,'Tangki Air',0,0,20),(914,'Tangki Air',0,0,21),(915,'Tangki Air',0,0,22),(916,'Tangki Air',0,0,23),(917,'Tangki Air',0,0,24),(918,'Tangki Air',0,0,25),(919,'Tangki Air',0,0,26),(920,'Tangki Air',0,0,27),(921,'Tangki Air',0,0,28),(922,'Telephone/PABX',0,0,17),(923,'Telephone/PABX',0,0,18),(924,'Telephone/PABX',0,0,19),(925,'Telephone/PABX',0,0,20),(926,'Telephone/PABX',0,0,21),(927,'Telephone/PABX',0,0,22),(928,'Telephone/PABX',0,0,23),(929,'Telephone/PABX',0,0,24),(930,'Telephone/PABX',0,0,25),(931,'Telephone/PABX',0,0,26),(932,'Telephone/PABX',0,0,27),(933,'Telephone/PABX',0,0,28),(934,'Radio Komunikasi UHF',0,0,17),(935,'Radio Komunikasi UHF',0,0,18),(936,'Radio Komunikasi UHF',0,0,19),(937,'Radio Komunikasi UHF',0,0,20),(938,'Radio Komunikasi UHF',0,0,21),(939,'Radio Komunikasi UHF',0,0,22),(940,'Radio Komunikasi UHF',0,0,23),(941,'Radio Komunikasi UHF',0,0,24),(942,'Radio Komunikasi UHF',0,0,25),(943,'Radio Komunikasi UHF',0,0,26),(944,'Radio Komunikasi UHF',0,0,27),(945,'Radio Komunikasi UHF',0,0,28),(946,'Repeater Portable UHF',0,0,17),(947,'Repeater Portable UHF',0,0,18),(948,'Repeater Portable UHF',0,0,19),(949,'Repeater Portable UHF',0,0,20),(950,'Repeater Portable UHF',0,0,21),(951,'Repeater Portable UHF',0,0,22),(952,'Repeater Portable UHF',0,0,23),(953,'Repeater Portable UHF',0,0,24),(954,'Repeater Portable UHF',0,0,25),(955,'Repeater Portable UHF',0,0,26),(956,'Repeater Portable UHF',0,0,27),(957,'Repeater Portable UHF',0,0,28),(958,'Housing, Cabling, Jumper 5',0,0,17),(959,'Housing, Cabling, Jumper 5',0,0,18),(960,'Housing, Cabling, Jumper 5',0,0,19),(961,'Housing, Cabling, Jumper 5',0,0,20),(962,'Housing, Cabling, Jumper 5',0,0,21),(963,'Housing, Cabling, Jumper 5',0,0,22),(964,'Housing, Cabling, Jumper 5',0,0,23),(965,'Housing, Cabling, Jumper 5',0,0,24),(966,'Housing, Cabling, Jumper 5',0,0,25),(967,'Housing, Cabling, Jumper 5',0,0,26),(968,'Housing, Cabling, Jumper 5',0,0,27),(969,'Housing, Cabling, Jumper 5',0,0,28),(970,'Transceiver, Receiver, Controller, Battery',0,0,17),(971,'Transceiver, Receiver, Controller, Battery',0,0,18),(972,'Transceiver, Receiver, Controller, Battery',0,0,19),(973,'Transceiver, Receiver, Controller, Battery',0,0,20),(974,'Transceiver, Receiver, Controller, Battery',0,0,21),(975,'Transceiver, Receiver, Controller, Battery',0,0,22),(976,'Transceiver, Receiver, Controller, Battery',0,0,23),(977,'Transceiver, Receiver, Controller, Battery',0,0,24),(978,'Transceiver, Receiver, Controller, Battery',0,0,25),(979,'Transceiver, Receiver, Controller, Battery',0,0,26),(980,'Transceiver, Receiver, Controller, Battery',0,0,27),(981,'Transceiver, Receiver, Controller, Battery',0,0,28),(982,'Duplexer',0,0,17),(983,'Duplexer',0,0,18),(984,'Duplexer',0,0,19),(985,'Duplexer',0,0,20),(986,'Duplexer',0,0,21),(987,'Duplexer',0,0,22),(988,'Duplexer',0,0,23),(989,'Duplexer',0,0,24),(990,'Duplexer',0,0,25),(991,'Duplexer',0,0,26),(992,'Duplexer',0,0,27),(993,'Duplexer',0,0,28),(994,'Antena',0,0,17),(995,'Antena',0,0,18),(996,'Antena',0,0,19),(997,'Antena',0,0,20),(998,'Antena',0,0,21),(999,'Antena',0,0,22),(1000,'Antena',0,0,23),(1001,'Antena',0,0,24),(1002,'Antena',0,0,25),(1003,'Antena',0,0,26),(1004,'Antena',0,0,27),(1005,'Antena',0,0,28),(1006,'Battery Backup 1 Jam',0,0,17),(1007,'Battery Backup 1 Jam',0,0,18),(1008,'Battery Backup 1 Jam',0,0,19),(1009,'Battery Backup 1 Jam',0,0,20),(1010,'Battery Backup 1 Jam',0,0,21),(1011,'Battery Backup 1 Jam',0,0,22),(1012,'Battery Backup 1 Jam',0,0,23),(1013,'Battery Backup 1 Jam',0,0,24),(1014,'Battery Backup 1 Jam',0,0,25),(1015,'Battery Backup 1 Jam',0,0,26),(1016,'Battery Backup 1 Jam',0,0,27),(1017,'Battery Backup 1 Jam',0,0,28),(1018,'Lodestar TFC 3000U',0,0,17),(1019,'Lodestar TFC 3000U',0,0,18),(1020,'Lodestar TFC 3000U',0,0,19),(1021,'Lodestar TFC 3000U',0,0,20),(1022,'Lodestar TFC 3000U',0,0,21),(1023,'Lodestar TFC 3000U',0,0,22),(1024,'Lodestar TFC 3000U',0,0,23),(1025,'Lodestar TFC 3000U',0,0,24),(1026,'Lodestar TFC 3000U',0,0,25),(1027,'Lodestar TFC 3000U',0,0,26),(1028,'Lodestar TFC 3000U',0,0,27),(1029,'Lodestar TFC 3000U',0,0,28),(1030,'Radio Komunikasi UHF Rig',0,0,17),(1031,'Radio Komunikasi UHF Rig',0,0,18),(1032,'Radio Komunikasi UHF Rig',0,0,19),(1033,'Radio Komunikasi UHF Rig',0,0,20),(1034,'Radio Komunikasi UHF Rig',0,0,21),(1035,'Radio Komunikasi UHF Rig',0,0,22),(1036,'Radio Komunikasi UHF Rig',0,0,23),(1037,'Radio Komunikasi UHF Rig',0,0,24),(1038,'Radio Komunikasi UHF Rig',0,0,25),(1039,'Radio Komunikasi UHF Rig',0,0,26),(1040,'Radio Komunikasi UHF Rig',0,0,27),(1041,'Radio Komunikasi UHF Rig',0,0,28),(1042,'Radio Trunking',0,0,17),(1043,'Radio Trunking',0,0,18),(1044,'Radio Trunking',0,0,19),(1045,'Radio Trunking',0,0,20),(1046,'Radio Trunking',0,0,21),(1047,'Radio Trunking',0,0,22),(1048,'Radio Trunking',0,0,23),(1049,'Radio Trunking',0,0,24),(1050,'Radio Trunking',0,0,25),(1051,'Radio Trunking',0,0,26),(1052,'Radio Trunking',0,0,27),(1053,'Radio Trunking',0,0,28),(1054,'Radio Trunking Rig',0,0,17),(1055,'Radio Trunking Rig',0,0,18),(1056,'Radio Trunking Rig',0,0,19),(1057,'Radio Trunking Rig',0,0,20),(1058,'Radio Trunking Rig',0,0,21),(1059,'Radio Trunking Rig',0,0,22),(1060,'Radio Trunking Rig',0,0,23),(1061,'Radio Trunking Rig',0,0,24),(1062,'Radio Trunking Rig',0,0,25),(1063,'Radio Trunking Rig',0,0,26),(1064,'Radio Trunking Rig',0,0,27),(1065,'Radio Trunking Rig',0,0,28),(1066,'Las Listrik',0,0,17),(1067,'Las Listrik',0,0,18),(1068,'Las Listrik',0,0,19),(1069,'Las Listrik',0,0,20),(1070,'Las Listrik',0,0,21),(1071,'Las Listrik',0,0,22),(1072,'Las Listrik',0,0,23),(1073,'Las Listrik',0,0,24),(1074,'Las Listrik',0,0,25),(1075,'Las Listrik',0,0,26),(1076,'Las Listrik',0,0,27),(1077,'Las Listrik',0,0,28),(1078,'Las Potong',0,0,17),(1079,'Las Potong',0,0,18),(1080,'Las Potong',0,0,19),(1081,'Las Potong',0,0,20),(1082,'Las Potong',0,0,21),(1083,'Las Potong',0,0,22),(1084,'Las Potong',0,0,23),(1085,'Las Potong',0,0,24),(1086,'Las Potong',0,0,25),(1087,'Las Potong',0,0,26),(1088,'Las Potong',0,0,27),(1089,'Las Potong',0,0,28),(1090,'Air Impact Wrench',0,0,17),(1091,'Air Impact Wrench',0,0,18),(1092,'Air Impact Wrench',0,0,19),(1093,'Air Impact Wrench',0,0,20),(1094,'Air Impact Wrench',0,0,21),(1095,'Air Impact Wrench',0,0,22),(1096,'Air Impact Wrench',0,0,23),(1097,'Air Impact Wrench',0,0,24),(1098,'Air Impact Wrench',0,0,25),(1099,'Air Impact Wrench',0,0,26),(1100,'Air Impact Wrench',0,0,27),(1101,'Air Impact Wrench',0,0,28),(1102,'Dongkrak Hidrolik',0,0,17),(1103,'Dongkrak Hidrolik',0,0,18),(1104,'Dongkrak Hidrolik',0,0,19),(1105,'Dongkrak Hidrolik',0,0,20),(1106,'Dongkrak Hidrolik',0,0,21),(1107,'Dongkrak Hidrolik',0,0,22),(1108,'Dongkrak Hidrolik',0,0,23),(1109,'Dongkrak Hidrolik',0,0,24),(1110,'Dongkrak Hidrolik',0,0,25),(1111,'Dongkrak Hidrolik',0,0,26),(1112,'Dongkrak Hidrolik',0,0,27),(1113,'Dongkrak Hidrolik',0,0,28),(1114,'Tool Kit Set',0,0,17),(1115,'Tool Kit Set',0,0,18),(1116,'Tool Kit Set',0,0,19),(1117,'Tool Kit Set',0,0,20),(1118,'Tool Kit Set',0,0,21),(1119,'Tool Kit Set',0,0,22),(1120,'Tool Kit Set',0,0,23),(1121,'Tool Kit Set',0,0,24),(1122,'Tool Kit Set',0,0,25),(1123,'Tool Kit Set',0,0,26),(1124,'Tool Kit Set',0,0,27),(1125,'Tool Kit Set',0,0,28),(1126,'Mesin Bor Tangan',0,0,17),(1127,'Mesin Bor Tangan',0,0,18),(1128,'Mesin Bor Tangan',0,0,19),(1129,'Mesin Bor Tangan',0,0,20),(1130,'Mesin Bor Tangan',0,0,21),(1131,'Mesin Bor Tangan',0,0,22),(1132,'Mesin Bor Tangan',0,0,23),(1133,'Mesin Bor Tangan',0,0,24),(1134,'Mesin Bor Tangan',0,0,25),(1135,'Mesin Bor Tangan',0,0,26),(1136,'Mesin Bor Tangan',0,0,27),(1137,'Mesin Bor Tangan',0,0,28),(1138,'Tang Ampere Meter',0,0,17),(1139,'Tang Ampere Meter',0,0,18),(1140,'Tang Ampere Meter',0,0,19),(1141,'Tang Ampere Meter',0,0,20),(1142,'Tang Ampere Meter',0,0,21),(1143,'Tang Ampere Meter',0,0,22),(1144,'Tang Ampere Meter',0,0,23),(1145,'Tang Ampere Meter',0,0,24),(1146,'Tang Ampere Meter',0,0,25),(1147,'Tang Ampere Meter',0,0,26),(1148,'Tang Ampere Meter',0,0,27),(1149,'Tang Ampere Meter',0,0,28),(1150,'Tracker/Puller',0,0,17),(1151,'Tracker/Puller',0,0,18),(1152,'Tracker/Puller',0,0,19),(1153,'Tracker/Puller',0,0,20),(1154,'Tracker/Puller',0,0,21),(1155,'Tracker/Puller',0,0,22),(1156,'Tracker/Puller',0,0,23),(1157,'Tracker/Puller',0,0,24),(1158,'Tracker/Puller',0,0,25),(1159,'Tracker/Puller',0,0,26),(1160,'Tracker/Puller',0,0,27),(1161,'Tracker/Puller',0,0,28),(1162,'Stationery Water Pump',0,0,17),(1163,'Stationery Water Pump',0,0,18),(1164,'Stationery Water Pump',0,0,19),(1165,'Stationery Water Pump',0,0,20),(1166,'Stationery Water Pump',0,0,21),(1167,'Stationery Water Pump',0,0,22),(1168,'Stationery Water Pump',0,0,23),(1169,'Stationery Water Pump',0,0,24),(1170,'Stationery Water Pump',0,0,25),(1171,'Stationery Water Pump',0,0,26),(1172,'Stationery Water Pump',0,0,27),(1173,'Stationery Water Pump',0,0,28),(1174,'Kunci Moment',0,0,17),(1175,'Kunci Moment',0,0,18),(1176,'Kunci Moment',0,0,19),(1177,'Kunci Moment',0,0,20),(1178,'Kunci Moment',0,0,21),(1179,'Kunci Moment',0,0,22),(1180,'Kunci Moment',0,0,23),(1181,'Kunci Moment',0,0,24),(1182,'Kunci Moment',0,0,25),(1183,'Kunci Moment',0,0,26),(1184,'Kunci Moment',0,0,27),(1185,'Kunci Moment',0,0,28),(1186,'Tachometer',0,0,17),(1187,'Tachometer',0,0,18),(1188,'Tachometer',0,0,19),(1189,'Tachometer',0,0,20),(1190,'Tachometer',0,0,21),(1191,'Tachometer',0,0,22),(1192,'Tachometer',0,0,23),(1193,'Tachometer',0,0,24),(1194,'Tachometer',0,0,25),(1195,'Tachometer',0,0,26),(1196,'Tachometer',0,0,27),(1197,'Tachometer',0,0,28);
/*!40000 ALTER TABLE `nonjenis` ENABLE KEYS */;
UNLOCK TABLES;

--
-- Table structure for table `nonkategori`
--

DROP TABLE IF EXISTS `nonkategori`;
/*!40101 SET @saved_cs_client     = @@character_set_client */;
/*!40101 SET character_set_client = utf8 */;
CREATE TABLE `nonkategori` (
  `id` bigint(20) NOT NULL AUTO_INCREMENT,
  `nama` varchar(150) NOT NULL,
  `menu` bigint(20) NOT NULL,
  PRIMARY KEY (`id`)
) ENGINE=InnoDB AUTO_INCREMENT=15 DEFAULT CHARSET=utf8mb4;
/*!40101 SET character_set_client = @saved_cs_client */;

--
-- Dumping data for table `nonkategori`
--

LOCK TABLES `nonkategori` WRITE;
/*!40000 ALTER TABLE `nonkategori` DISABLE KEYS */;
INSERT INTO `nonkategori` VALUES (7,'Furniture',1),(8,'Elektronik',1),(9,'Komputer/PC/Notebook',1),(10,'Mesin',1),(11,'Reservoir',1),(12,'Alat Komunikasi',1),(13,'Alat Perbengkelan',1),(14,'Inventory',1);
/*!40000 ALTER TABLE `nonkategori` ENABLE KEYS */;
UNLOCK TABLES;

--
-- Table structure for table `nonolah_stok`
--

DROP TABLE IF EXISTS `nonolah_stok`;
/*!40101 SET @saved_cs_client     = @@character_set_client */;
/*!40101 SET character_set_client = utf8 */;
CREATE TABLE `nonolah_stok` (
  `id` bigint(20) NOT NULL AUTO_INCREMENT,
  `id_jenis` bigint(20) NOT NULL,
  `baik` bigint(20) NOT NULL,
  `rusak` bigint(20) NOT NULL,
  `sektor_dest` bigint(20) DEFAULT NULL,
  `jenis_dest` bigint(20) DEFAULT NULL,
  `reason` text,
  `status` varchar(50) NOT NULL,
  `rejected_reason` text,
  `created_date` date NOT NULL,
  `updated_date` date NOT NULL,
  `menu` bigint(20) NOT NULL,
  `nama_barang` varchar(255) DEFAULT NULL,
  `sektor_asal` bigint(20) DEFAULT NULL,
  `nama_sektor_asal` varchar(255) DEFAULT NULL,
  PRIMARY KEY (`id`)
) ENGINE=InnoDB AUTO_INCREMENT=10 DEFAULT CHARSET=utf8mb4;
/*!40101 SET character_set_client = @saved_cs_client */;

--
-- Dumping data for table `nonolah_stok`
--

LOCK TABLES `nonolah_stok` WRITE;
/*!40000 ALTER TABLE `nonolah_stok` DISABLE KEYS */;
/*!40000 ALTER TABLE `nonolah_stok` ENABLE KEYS */;
UNLOCK TABLES;
/*!50003 SET @saved_cs_client      = @@character_set_client */ ;
/*!50003 SET @saved_cs_results     = @@character_set_results */ ;
/*!50003 SET @saved_col_connection = @@collation_connection */ ;
/*!50003 SET character_set_client  = utf8 */ ;
/*!50003 SET character_set_results = utf8 */ ;
/*!50003 SET collation_connection  = utf8_general_ci */ ;
/*!50003 SET @saved_sql_mode       = @@sql_mode */ ;
/*!50003 SET sql_mode              = 'ONLY_FULL_GROUP_BY,STRICT_TRANS_TABLES,NO_ZERO_IN_DATE,NO_ZERO_DATE,ERROR_FOR_DIVISION_BY_ZERO,NO_ENGINE_SUBSTITUTION' */ ;
DELIMITER ;;
/*!50003 CREATE*/ /*!50017 DEFINER=`jaka`@`localhost`*/ /*!50003 TRIGGER myTable_OnInsert2 BEFORE INSERT ON `nonolah_stok`
    FOR EACH ROW SET NEW.updated_date = IFNULL(NEW.updated_date, NOW()) */;;
DELIMITER ;
/*!50003 SET sql_mode              = @saved_sql_mode */ ;
/*!50003 SET character_set_client  = @saved_cs_client */ ;
/*!50003 SET character_set_results = @saved_cs_results */ ;
/*!50003 SET collation_connection  = @saved_col_connection */ ;
/*!50003 SET @saved_cs_client      = @@character_set_client */ ;
/*!50003 SET @saved_cs_results     = @@character_set_results */ ;
/*!50003 SET @saved_col_connection = @@collation_connection */ ;
/*!50003 SET character_set_client  = utf8 */ ;
/*!50003 SET character_set_results = utf8 */ ;
/*!50003 SET collation_connection  = utf8_general_ci */ ;
/*!50003 SET @saved_sql_mode       = @@sql_mode */ ;
/*!50003 SET sql_mode              = 'ONLY_FULL_GROUP_BY,STRICT_TRANS_TABLES,NO_ZERO_IN_DATE,NO_ZERO_DATE,ERROR_FOR_DIVISION_BY_ZERO,NO_ENGINE_SUBSTITUTION' */ ;
DELIMITER ;;
/*!50003 CREATE*/ /*!50017 DEFINER=`jaka`@`localhost`*/ /*!50003 TRIGGER myTable_OnInsert3 BEFORE INSERT ON `nonolah_stok`
    FOR EACH ROW SET NEW.created_date = IFNULL(NEW.created_date, NOW()) */;;
DELIMITER ;
/*!50003 SET sql_mode              = @saved_sql_mode */ ;
/*!50003 SET character_set_client  = @saved_cs_client */ ;
/*!50003 SET character_set_results = @saved_cs_results */ ;
/*!50003 SET collation_connection  = @saved_col_connection */ ;
/*!50003 SET @saved_cs_client      = @@character_set_client */ ;
/*!50003 SET @saved_cs_results     = @@character_set_results */ ;
/*!50003 SET @saved_col_connection = @@collation_connection */ ;
/*!50003 SET character_set_client  = utf8 */ ;
/*!50003 SET character_set_results = utf8 */ ;
/*!50003 SET collation_connection  = utf8_general_ci */ ;
/*!50003 SET @saved_sql_mode       = @@sql_mode */ ;
/*!50003 SET sql_mode              = 'ONLY_FULL_GROUP_BY,STRICT_TRANS_TABLES,NO_ZERO_IN_DATE,NO_ZERO_DATE,ERROR_FOR_DIVISION_BY_ZERO,NO_ENGINE_SUBSTITUTION' */ ;
DELIMITER ;;
/*!50003 CREATE*/ /*!50017 DEFINER=`jaka`@`localhost`*/ /*!50003 TRIGGER `insertsektor2` BEFORE INSERT ON `nonolah_stok`
 FOR EACH ROW SET new.nama_barang = (select nama from nonjenis where id = NEW.id_jenis), 
new.sektor_asal = (select sektor from nonjenis where id = NEW.id_jenis),
new.nama_sektor_asal = (SELECT s.nama_sektor from sektor s inner join nonjenis j on s.id = j.sektor where j.id = NEW.id_jenis) */;;
DELIMITER ;
/*!50003 SET sql_mode              = @saved_sql_mode */ ;
/*!50003 SET character_set_client  = @saved_cs_client */ ;
/*!50003 SET character_set_results = @saved_cs_results */ ;
/*!50003 SET collation_connection  = @saved_col_connection */ ;

--
-- Table structure for table `nonsub_kategori`
--

DROP TABLE IF EXISTS `nonsub_kategori`;
/*!40101 SET @saved_cs_client     = @@character_set_client */;
/*!40101 SET character_set_client = utf8 */;
CREATE TABLE `nonsub_kategori` (
  `id` bigint(20) NOT NULL AUTO_INCREMENT,
  `id_kategori` bigint(20) NOT NULL,
  `nama` varchar(200) NOT NULL,
  PRIMARY KEY (`id`)
) ENGINE=InnoDB AUTO_INCREMENT=77 DEFAULT CHARSET=utf8mb4;
/*!40101 SET character_set_client = @saved_cs_client */;

--
-- Dumping data for table `nonsub_kategori`
--

LOCK TABLES `nonsub_kategori` WRITE;
/*!40000 ALTER TABLE `nonsub_kategori` DISABLE KEYS */;
INSERT INTO `nonsub_kategori` VALUES (9,7,'Rak Besi'),(10,7,'Filling Cabinet'),(11,7,'Papan Pengumuman'),(12,7,'Lemari'),(13,7,'Meja'),(14,7,'Kursi'),(15,7,'Locker'),(16,7,'Sofa'),(17,7,'Tempat Tidur'),(18,8,'Air Conditioner/AC'),(19,8,'Kulkas'),(20,8,'Televisi'),(21,8,'Kompor Gas'),(22,8,'Overhead Projector/OHP'),(23,8,'Layar LCD Projector'),(24,8,'Dispenser'),(25,8,'Steam Cleaner'),(26,8,'CCTV'),(27,8,'Portable Sound System'),(28,8,'Megaphone'),(29,9,'PC Unit'),(30,9,'Printer'),(31,9,'Notebook'),(32,9,'Scanner'),(33,9,'Internet Line'),(35,10,'Pompa Air'),(36,10,'Mesin Absensi'),(37,11,'Tandon Air'),(38,11,'Tangki Air'),(39,12,'Telephone/PABX'),(40,12,'Radio Komunikasi UHF'),(41,12,'Repeater Portable UHF'),(42,12,'Housing, Cabling, Jumper 5'),(43,12,'Transceiver, Receiver, Controller, Battery'),(44,12,'Duplexer'),(45,12,'Antena'),(46,12,'Battery Backup 1 Jam'),(47,12,'Lodestar TFC 3000U'),(48,8,'Microphone/Wireless Mic'),(49,8,'Microphone Table Stand'),(50,13,'Air Impact Wrench'),(51,13,'Dongkrak Hidrolik'),(52,13,'Tool Kit Set'),(53,13,'Mesin Las'),(54,13,'Mesin Bor Tangan'),(55,13,'Tang Ampere Meter'),(56,13,'Tracker/Puller'),(57,13,'Stationery Water Pump'),(58,13,'Kunci Moment'),(59,13,'Tachometer'),(60,7,'Tenda'),(61,7,'Lori Dorong/Trolly'),(62,7,'Tangga Alumunium'),(63,8,'Facsimile'),(64,8,'Alat Penghancur Kertas'),(66,8,'Orgen/Elekton'),(67,8,'Vacuum Cleaner'),(68,8,'Camera'),(69,8,'Dry Sterilizer'),(70,8,'Power Amplifier'),(71,9,'Monitor Display'),(72,10,'Portable Generating Set/Genset'),(73,10,'Hidran Kebakaran'),(74,10,'Kompressor'),(75,12,'Radio Trunking'),(76,14,'Stock Gudang');
/*!40000 ALTER TABLE `nonsub_kategori` ENABLE KEYS */;
UNLOCK TABLES;

--
-- Table structure for table `olah_stok`
--

DROP TABLE IF EXISTS `olah_stok`;
/*!40101 SET @saved_cs_client     = @@character_set_client */;
/*!40101 SET character_set_client = utf8 */;
CREATE TABLE `olah_stok` (
  `id` bigint(20) NOT NULL AUTO_INCREMENT,
  `id_jenis` bigint(20) NOT NULL,
  `baik` bigint(20) NOT NULL,
  `rusak` bigint(20) NOT NULL,
  `sektor_dest` bigint(20) DEFAULT NULL,
  `jenis_dest` bigint(20) DEFAULT NULL,
  `reason` text,
  `status` varchar(50) NOT NULL,
  `rejected_reason` text,
  `created_date` date NOT NULL,
  `updated_date` date NOT NULL,
  `menu` bigint(20) NOT NULL,
  `nama_barang` varchar(255) DEFAULT NULL,
  `sektor_asal` bigint(20) DEFAULT NULL,
  `nama_sektor_asal` varchar(255) DEFAULT NULL,
  PRIMARY KEY (`id`)
) ENGINE=InnoDB AUTO_INCREMENT=36 DEFAULT CHARSET=utf8mb4;
/*!40101 SET character_set_client = @saved_cs_client */;

--
-- Dumping data for table `olah_stok`
--

LOCK TABLES `olah_stok` WRITE;
/*!40000 ALTER TABLE `olah_stok` DISABLE KEYS */;
INSERT INTO `olah_stok` VALUES (22,480,55,0,NULL,0,'Tambah baru','Approved',NULL,'2020-11-28','2020-11-28',1,'Fire Jacket & Trouser',21,'Kebon Jeruk'),(23,641,2,0,NULL,0,'','Rejected','tes tolak','2020-11-28','2020-12-03',1,'Combi Tool With Mechanical Ram',26,'Seksi Pengendalian Kebakaran Dan Penyelamatan'),(24,478,50,0,NULL,0,'','Approved',NULL,'2020-11-28','2020-11-28',1,'Fire Jacket & Trouser',19,'Tambora'),(25,80,10,74,NULL,0,'','Approved',NULL,'2020-12-02','2020-12-03',1,'Sepatu Cobra',17,'Grogol Petamburan'),(26,56,21,62,NULL,0,'','Waiting',NULL,'2020-12-02','2020-12-02',1,'Sepatu Harvick',17,'Grogol Petamburan'),(27,68,45,40,NULL,0,'','Waiting',NULL,'2020-12-02','2020-12-02',1,'Sepatu Magnum',17,'Grogol Petamburan'),(28,476,85,0,NULL,0,'','Waiting',NULL,'2020-12-02','2020-12-02',1,'Fire Jacket & Trouser',17,'Grogol Petamburan'),(29,92,85,0,NULL,0,'','Waiting',NULL,'2020-12-02','2020-12-02',1,'Drager',17,'Grogol Petamburan'),(30,116,0,3,NULL,0,'','Waiting',NULL,'2020-12-02','2020-12-02',1,'SOS Fullgard',17,'Grogol Petamburan'),(31,104,0,80,NULL,0,'','Waiting',NULL,'2020-12-02','2020-12-02',1,'Schuberth',17,'Grogol Petamburan'),(32,488,58,25,NULL,0,'','Waiting',NULL,'2020-12-02','2020-12-02',1,'Jumpsuit',17,'Grogol Petamburan'),(33,80,9,73,18,0,'pindah','Approved',NULL,'2020-12-03','2020-12-03',1,'Sepatu Cobra',17,'Grogol Petamburan'),(34,80,1,1,NULL,0,'','Waiting',NULL,'2020-12-07','2020-12-07',1,'Sepatu Cobra',17,'Grogol Petamburan'),(35,80,2,1,NULL,0,'','Waiting',NULL,'2020-12-07','2020-12-07',1,'Sepatu Cobra',17,'Grogol Petamburan');
/*!40000 ALTER TABLE `olah_stok` ENABLE KEYS */;
UNLOCK TABLES;
/*!50003 SET @saved_cs_client      = @@character_set_client */ ;
/*!50003 SET @saved_cs_results     = @@character_set_results */ ;
/*!50003 SET @saved_col_connection = @@collation_connection */ ;
/*!50003 SET character_set_client  = utf8 */ ;
/*!50003 SET character_set_results = utf8 */ ;
/*!50003 SET collation_connection  = utf8_general_ci */ ;
/*!50003 SET @saved_sql_mode       = @@sql_mode */ ;
/*!50003 SET sql_mode              = 'ONLY_FULL_GROUP_BY,STRICT_TRANS_TABLES,NO_ZERO_IN_DATE,NO_ZERO_DATE,ERROR_FOR_DIVISION_BY_ZERO,NO_ENGINE_SUBSTITUTION' */ ;
DELIMITER ;;
/*!50003 CREATE*/ /*!50017 DEFINER=`jaka`@`localhost`*/ /*!50003 TRIGGER myTable_OnInsert BEFORE INSERT ON `olah_stok`
    FOR EACH ROW SET NEW.updated_date = IFNULL(NEW.updated_date, NOW()) */;;
DELIMITER ;
/*!50003 SET sql_mode              = @saved_sql_mode */ ;
/*!50003 SET character_set_client  = @saved_cs_client */ ;
/*!50003 SET character_set_results = @saved_cs_results */ ;
/*!50003 SET collation_connection  = @saved_col_connection */ ;
/*!50003 SET @saved_cs_client      = @@character_set_client */ ;
/*!50003 SET @saved_cs_results     = @@character_set_results */ ;
/*!50003 SET @saved_col_connection = @@collation_connection */ ;
/*!50003 SET character_set_client  = utf8 */ ;
/*!50003 SET character_set_results = utf8 */ ;
/*!50003 SET collation_connection  = utf8_general_ci */ ;
/*!50003 SET @saved_sql_mode       = @@sql_mode */ ;
/*!50003 SET sql_mode              = 'ONLY_FULL_GROUP_BY,STRICT_TRANS_TABLES,NO_ZERO_IN_DATE,NO_ZERO_DATE,ERROR_FOR_DIVISION_BY_ZERO,NO_ENGINE_SUBSTITUTION' */ ;
DELIMITER ;;
/*!50003 CREATE*/ /*!50017 DEFINER=`jaka`@`localhost`*/ /*!50003 TRIGGER `insertsektor1` BEFORE INSERT ON `olah_stok`
 FOR EACH ROW SET new.nama_barang = (select nama from jenis where id = NEW.id_jenis), 
new.sektor_asal = (select sektor from jenis where id = NEW.id_jenis),
new.nama_sektor_asal = (SELECT s.nama_sektor from sektor s inner join jenis j on s.id = j.sektor where j.id = NEW.id_jenis) */;;
DELIMITER ;
/*!50003 SET sql_mode              = @saved_sql_mode */ ;
/*!50003 SET character_set_client  = @saved_cs_client */ ;
/*!50003 SET character_set_results = @saved_cs_results */ ;
/*!50003 SET collation_connection  = @saved_col_connection */ ;

--
-- Table structure for table `sektor`
--

DROP TABLE IF EXISTS `sektor`;
/*!40101 SET @saved_cs_client     = @@character_set_client */;
/*!40101 SET character_set_client = utf8 */;
CREATE TABLE `sektor` (
  `id` bigint(20) NOT NULL AUTO_INCREMENT,
  `nama_sektor` varchar(100) NOT NULL,
  `deskripsi` text,
  PRIMARY KEY (`id`)
) ENGINE=InnoDB AUTO_INCREMENT=29 DEFAULT CHARSET=utf8mb4;
/*!40101 SET character_set_client = @saved_cs_client */;

--
-- Dumping data for table `sektor`
--

LOCK TABLES `sektor` WRITE;
/*!40000 ALTER TABLE `sektor` DISABLE KEYS */;
INSERT INTO `sektor` VALUES (17,'Grogol Petamburan','Jl. Perdana No. 1 Kel. Wijayakusuma Kec. Grogol Petamburan Telp. 021-56968068'),(18,'Palmerah','Jl. Inspeksi Tarum Barat RT. 005/001 Kel. Kota Bambu Selatan Kec. Palmerah Telp. 021-29334747'),(19,'Tambora','Jl. Tiang Bendera I No. 2 Kel. Roa Malaka Kec. Tambora Telp. 021-6918237'),(20,'Tamansari','Jl. Kemukus No. 1 Kel. Pinangsia Kec. Tamansari Telp. 021-6916503/6916504'),(21,'Kebon Jeruk','Jl. Kebon Jeruk Baru Kel. Kebon Jeruk Kec. Kebon Jeruk Telp. 021-53676404/5300113'),(22,'Kembangan','Jl. Kembangan Raya No. 2 Kel. Kembangan Selatan Kec. Kembangan Telp. 021-58304418'),(23,'Cengkareng','Jl. Palem Lestari Blok A Kel. Cengkareng Barat Kec. Cengkareng Telp. 021-5553444/5562247'),(24,'Kalideres','Komplek Perumahan Citra V Blok C/10 Kel. Pegadungan Kec. Kalideres Telp. 021-5553450/5553474'),(25,'Seksi Pencegahan','Jl. Tanjung Duren Raya No.1 Kel. Tanjung Duren Utara Kec. Grogol Petamburan Telp. 5682284/5607323'),(26,'Seksi Pengendalian Kebakaran Dan Penyelamatan','Jl. Tanjung Duren Raya No.1 Kel. Tanjung Duren Utara Kec. Grogol Petamburan Telp. 5682284/5607323'),(27,'Seksi Prasarana Dan Sarana','Jl. Tanjung Duren Raya No.1 Kel. Tanjung Duren Utara Kec. Grogol Petamburan Telp. 5682284/5607323'),(28,'Subbag Tata Usaha','Jl. Tanjung Duren Raya No.1 Kel. Tanjung Duren Utara Kec. Grogol Petamburan Telp. 5682284/5607323');
/*!40000 ALTER TABLE `sektor` ENABLE KEYS */;
UNLOCK TABLES;

--
-- Table structure for table `sektor_olah`
--

DROP TABLE IF EXISTS `sektor_olah`;
/*!40101 SET @saved_cs_client     = @@character_set_client */;
/*!40101 SET character_set_client = utf8 */;
CREATE TABLE `sektor_olah` (
  `idpk` bigint(20) NOT NULL AUTO_INCREMENT,
  `type` bigint(20) DEFAULT NULL,
  `id_olah_stok` bigint(20) DEFAULT NULL,
  `sektor_id` bigint(20) DEFAULT NULL,
  PRIMARY KEY (`idpk`)
) ENGINE=InnoDB AUTO_INCREMENT=13 DEFAULT CHARSET=utf8mb4;
/*!40101 SET character_set_client = @saved_cs_client */;

--
-- Dumping data for table `sektor_olah`
--

LOCK TABLES `sektor_olah` WRITE;
/*!40000 ALTER TABLE `sektor_olah` DISABLE KEYS */;
INSERT INTO `sektor_olah` VALUES (6,1,15,17),(7,2,2,17),(8,1,16,18),(9,2,3,18),(10,1,17,19),(11,2,4,19),(12,1,18,17);
/*!40000 ALTER TABLE `sektor_olah` ENABLE KEYS */;
UNLOCK TABLES;

--
-- Table structure for table `sub_kategori`
--

DROP TABLE IF EXISTS `sub_kategori`;
/*!40101 SET @saved_cs_client     = @@character_set_client */;
/*!40101 SET character_set_client = utf8 */;
CREATE TABLE `sub_kategori` (
  `id` bigint(20) NOT NULL AUTO_INCREMENT,
  `id_kategori` bigint(20) NOT NULL,
  `nama` varchar(200) NOT NULL,
  PRIMARY KEY (`id`)
) ENGINE=InnoDB AUTO_INCREMENT=131 DEFAULT CHARSET=utf8mb4;
/*!40101 SET character_set_client = @saved_cs_client */;

--
-- Dumping data for table `sub_kategori`
--

LOCK TABLES `sub_kategori` WRITE;
/*!40000 ALTER TABLE `sub_kategori` DISABLE KEYS */;
INSERT INTO `sub_kategori` VALUES (6,1,'Sepatu'),(7,1,'Fire Jacket & Trouser'),(8,1,'Fire Helmet'),(9,1,'Jumpsuit'),(10,1,'Masker Personil'),(11,1,'Sarung Tangan'),(12,1,'Senter Personil'),(13,1,'Senter Tembus Asap'),(14,1,'Baju Tahan Api'),(15,1,'Baju Bahan Kimia/B3'),(16,1,'Baju Evakuasi Lebah'),(17,1,'Kapak Personil'),(18,1,'Kacamata'),(19,2,'Gergaji Chainsaw'),(20,2,'Alat Pendobrak Serbaguna'),(21,2,'Combi Tool With Mechanical Ram'),(22,2,'Cooling Vest'),(23,2,'Emergency Oxygen Resuscitator'),(24,2,'First Aid Box For Burn Injuries'),(25,2,'Rechargeable Lantern/Search Light'),(26,2,'Rollgliss Rope Rescue System'),(27,2,'Rescue Cradle With 50 ft Tagline'),(28,2,'Tripod Rescue'),(29,2,'Harness'),(30,2,'Rope Rescue Team Package'),(31,2,'Rescue Personal Package'),(32,2,'Tandu'),(33,2,'Pak Hammer'),(34,2,'Rotary Saw'),(35,2,'Tabung Oksigen Lengkap'),(36,2,'Thermal Imaging Camera'),(38,2,'Life Detector'),(39,2,'Peralatan Rescue System Battery'),(40,2,'Paratech Tactical Response Kit'),(41,2,'Hydraulic Shoring Set Holmatro'),(42,2,'Motor Pump Holmatro'),(43,2,'Breaching Tools Pahat Terpasang'),(44,2,'Tool Electrical Set'),(45,2,'High Voltage Meter'),(46,2,'Nightsearcher Solaris Lite'),(47,2,'Battery Operated Spreader'),(48,2,'Battery Operated Cutter'),(49,2,'Battery Operated Combi Tool'),(50,2,'Tactical Response Kit'),(51,2,'Multigas Detector'),(52,2,'Operated Spreader Set'),(53,2,'Operated Cutter Set'),(54,2,'Door Opener Set'),(55,2,'Hooligan Tool'),(56,2,'Advance 5 - Pice Hoist System'),(57,2,'Advance Digital Series Winch'),(58,2,'Sealed Self Retracting Lifeness'),(59,2,'Winch'),(60,2,'Working Seat/Boat Swain Chair'),(61,2,'Rescue Matic'),(62,2,'Double Leg Lanyard Nomex'),(63,2,'Descender & Rescue Device'),(64,2,'Rope Clamp'),(65,2,'Pulley'),(66,2,'Set Seal Pac'),(67,2,'Gergaji Potong Kecil'),(68,2,'Gergaji Potong Besar'),(69,2,'Lifting Bag'),(70,2,'Cribbing Block Set'),(71,2,'Rescue Hood With Constant Flow'),(72,2,'Emergency Escape Respirator'),(73,2,'Peralatan Rescue Air Perahu Karet'),(74,2,'Compact Rescue Kit'),(75,2,'Weber Hydraulic Rapid Forcible Entry'),(76,2,'Weber Hydraulic RSX160 E-Force'),(77,2,'T-Max EW-15000/Penarik Elektrik'),(78,2,'Pice Hoist System'),(79,2,'Perahu'),(80,2,'Motor Tempel/Out Boat Motor'),(81,2,'Manequin/Boneka'),(82,2,'Building Movement Monitor'),(83,2,'Figure Eight/8'),(84,2,'Karabiner/Cincin Kait'),(85,2,'Tali Karmantel'),(86,2,'Ascender'),(87,2,'Descender'),(88,2,'Kotak Medis'),(89,2,'Pry Axe'),(90,2,'Mesin Blower'),(91,2,'DSU (Detector Signal Unit)'),(92,2,'Pelontar (Rescue Solution)'),(93,2,'Survivor 8 Escape'),(94,2,'Manual Cutter'),(95,2,'LED Portable Rechargeable Area'),(96,2,'RPD Rescue Cradle'),(97,2,'Compressed Air Foam System'),(98,2,'Air Foam Liquid'),(99,2,'Lampu Emergency Starlite'),(100,2,'Positive Pressure Ventilator'),(101,2,'SCUBA'),(102,2,'Drager Oxygen Booster DOB-T'),(103,2,'HID Litebox Rechargeable Lantern'),(104,2,'Distress Signal Unit'),(105,12,'Selang'),(106,12,'Pemancar/Nozzle'),(107,12,'Pipa Cabang'),(108,12,'Adaptor Kopling'),(109,12,'Tabung SCBA'),(110,12,'SCBA'),(111,12,'APAR'),(112,12,'Motor Pompa Portable'),(113,12,'IFEX'),(114,12,'Portable Watermist Extinguisher/AFT'),(115,12,'Motor Apung'),(116,12,'Typol'),(117,12,'Cone Pengaman/Kerucut Pengaman'),(118,12,'Sekop'),(119,12,'Linggis'),(120,12,'Saringan Rotan Selang Hisap'),(121,12,'Garpu Pacul'),(122,12,'Belecong'),(123,12,'Foam Enductor'),(124,12,'Balok Lalulintas'),(125,12,'Foam Aeration Tubes'),(126,12,'Pitot'),(127,12,'Penambal Selang Bocor'),(128,12,'Tangga'),(129,13,'Stock Gudang');
/*!40000 ALTER TABLE `sub_kategori` ENABLE KEYS */;
UNLOCK TABLES;
/*!40103 SET TIME_ZONE=@OLD_TIME_ZONE */;

/*!40101 SET SQL_MODE=@OLD_SQL_MODE */;
/*!40014 SET FOREIGN_KEY_CHECKS=@OLD_FOREIGN_KEY_CHECKS */;
/*!40014 SET UNIQUE_CHECKS=@OLD_UNIQUE_CHECKS */;
/*!40101 SET CHARACTER_SET_CLIENT=@OLD_CHARACTER_SET_CLIENT */;
/*!40101 SET CHARACTER_SET_RESULTS=@OLD_CHARACTER_SET_RESULTS */;
/*!40101 SET COLLATION_CONNECTION=@OLD_COLLATION_CONNECTION */;
/*!40111 SET SQL_NOTES=@OLD_SQL_NOTES */;

-- Dump completed on 2020-12-08  5:20:58
